"","variable","Guild_comb","value","site","SoilProcessID","SAND","SILT","CLAY","pH","P_ppm","K_ppm","OM_percent","NO3_N_ppm","Site","Species","Replicate","NAG_soil","NAG_OM","AlkP_soil","AlkP_OM","AAP_soil","AAP_OM","BG_soil","BG_OM","sampleID","project","Location","Spp","Rep","site_spp"
"1","fungi.Ecotone.BOER.1","Arbuscular Mycorrhizal",77.7870540566745,"Ecotone_BOER_1",65,57.2,22,20.8,8.5,0,171,0.9,1,"E","Boer",1,3,157,50.6,2649.97,"257","13460.3",24.68,1292.6,"fungi.Ecotone.BOER.1","transitions","Ecotone","BOER",1,"E.Boer"
"2","fungi.Ecotone.BOER.1","Endophyte",16.9118583858903,"Ecotone_BOER_1",65,57.2,22,20.8,8.5,0,171,0.9,1,"E","Boer",1,3,157,50.6,2649.97,"257","13460.3",24.68,1292.6,"fungi.Ecotone.BOER.1","transitions","Ecotone","BOER",1,"E.Boer"
"3","fungi.Ecotone.BOER.1","Plant Pathogen",31.7967917458835,"Ecotone_BOER_1",65,57.2,22,20.8,8.5,0,171,0.9,1,"E","Boer",1,3,157,50.6,2649.97,"257","13460.3",24.68,1292.6,"fungi.Ecotone.BOER.1","transitions","Ecotone","BOER",1,"E.Boer"
"4","fungi.Ecotone.BOER.1","Saprotroph",112.959468003509,"Ecotone_BOER_1",65,57.2,22,20.8,8.5,0,171,0.9,1,"E","Boer",1,3,157,50.6,2649.97,"257","13460.3",24.68,1292.6,"fungi.Ecotone.BOER.1","transitions","Ecotone","BOER",1,"E.Boer"
"5","fungi.Ecotone.BOER.2","Arbuscular Mycorrhizal",216.443745699062,"Ecotone_BOER_2",66,61.2,22,16.8,8.5,0,196,0.8,1.5,"E","Boer",2,1.76,99.58,37.05,2099.76,"190.2","10777.96",38.61,2187.88,"fungi.Ecotone.BOER.2","transitions","Ecotone","BOER",2,"E.Boer"
"6","fungi.Ecotone.BOER.2","Endophyte",25.6281956608036,"Ecotone_BOER_2",66,61.2,22,16.8,8.5,0,196,0.8,1.5,"E","Boer",2,1.76,99.58,37.05,2099.76,"190.2","10777.96",38.61,2187.88,"fungi.Ecotone.BOER.2","transitions","Ecotone","BOER",2,"E.Boer"
"7","fungi.Ecotone.BOER.2","Plant Pathogen",66.8657706852238,"Ecotone_BOER_2",66,61.2,22,16.8,8.5,0,196,0.8,1.5,"E","Boer",2,1.76,99.58,37.05,2099.76,"190.2","10777.96",38.61,2187.88,"fungi.Ecotone.BOER.2","transitions","Ecotone","BOER",2,"E.Boer"
"8","fungi.Ecotone.BOER.2","Saprotroph",322.717326348735,"Ecotone_BOER_2",66,61.2,22,16.8,8.5,0,196,0.8,1.5,"E","Boer",2,1.76,99.58,37.05,2099.76,"190.2","10777.96",38.61,2187.88,"fungi.Ecotone.BOER.2","transitions","Ecotone","BOER",2,"E.Boer"
"9","fungi.Ecotone.BOER.3","Arbuscular Mycorrhizal",88.4640193740275,"Ecotone_BOER_3",67,59.2,20,20.8,8.4,4,178,0.9,2.5,"E","Boer",3,3.45,206.7,38.47,2302.79,"150.89","9032.87",42.75,2559.47,"fungi.Ecotone.BOER.3","transitions","Ecotone","BOER",3,"E.Boer"
"10","fungi.Ecotone.BOER.3","Endophyte",16.3574309986583,"Ecotone_BOER_3",67,59.2,20,20.8,8.4,4,178,0.9,2.5,"E","Boer",3,3.45,206.7,38.47,2302.79,"150.89","9032.87",42.75,2559.47,"fungi.Ecotone.BOER.3","transitions","Ecotone","BOER",3,"E.Boer"
"11","fungi.Ecotone.BOER.3","Plant Pathogen",51.1610234624402,"Ecotone_BOER_3",67,59.2,20,20.8,8.4,4,178,0.9,2.5,"E","Boer",3,3.45,206.7,38.47,2302.79,"150.89","9032.87",42.75,2559.47,"fungi.Ecotone.BOER.3","transitions","Ecotone","BOER",3,"E.Boer"
"12","fungi.Ecotone.BOER.3","Saprotroph",136.564592541236,"Ecotone_BOER_3",67,59.2,20,20.8,8.4,4,178,0.9,2.5,"E","Boer",3,3.45,206.7,38.47,2302.79,"150.89","9032.87",42.75,2559.47,"fungi.Ecotone.BOER.3","transitions","Ecotone","BOER",3,"E.Boer"
"13","fungi.Ecotone.BOER.4","Arbuscular Mycorrhizal",116.609615130547,"Ecotone_BOER_4",68,57.2,22,20.8,8.5,0,176,0.9,1.1,"E","Boer",4,1.97,90.13,32.53,1486.95,"239.21","10935.29",14.47,661.59,"fungi.Ecotone.BOER.4","transitions","Ecotone","BOER",4,"E.Boer"
"14","fungi.Ecotone.BOER.4","Endophyte",19.0820556336987,"Ecotone_BOER_4",68,57.2,22,20.8,8.5,0,176,0.9,1.1,"E","Boer",4,1.97,90.13,32.53,1486.95,"239.21","10935.29",14.47,661.59,"fungi.Ecotone.BOER.4","transitions","Ecotone","BOER",4,"E.Boer"
"15","fungi.Ecotone.BOER.4","Plant Pathogen",55.2722692416803,"Ecotone_BOER_4",68,57.2,22,20.8,8.5,0,176,0.9,1.1,"E","Boer",4,1.97,90.13,32.53,1486.95,"239.21","10935.29",14.47,661.59,"fungi.Ecotone.BOER.4","transitions","Ecotone","BOER",4,"E.Boer"
"16","fungi.Ecotone.BOER.4","Saprotroph",131.378321958871,"Ecotone_BOER_4",68,57.2,22,20.8,8.5,0,176,0.9,1.1,"E","Boer",4,1.97,90.13,32.53,1486.95,"239.21","10935.29",14.47,661.59,"fungi.Ecotone.BOER.4","transitions","Ecotone","BOER",4,"E.Boer"
"17","fungi.Ecotone.BOER.5","Arbuscular Mycorrhizal",111.145595900299,"Ecotone_BOER_5",69,63.2,20,16.8,8.4,0,167,0.8,1.2,"E","Boer",5,7.44,408.56,61.17,3359.34,"140.05","7691.63",79.78,4381.76,"fungi.Ecotone.BOER.5","transitions","Ecotone","BOER",5,"E.Boer"
"18","fungi.Ecotone.BOER.5","Endophyte",18.6224467487642,"Ecotone_BOER_5",69,63.2,20,16.8,8.4,0,167,0.8,1.2,"E","Boer",5,7.44,408.56,61.17,3359.34,"140.05","7691.63",79.78,4381.76,"fungi.Ecotone.BOER.5","transitions","Ecotone","BOER",5,"E.Boer"
"19","fungi.Ecotone.BOER.5","Plant Pathogen",35.6862640272549,"Ecotone_BOER_5",69,63.2,20,16.8,8.4,0,167,0.8,1.2,"E","Boer",5,7.44,408.56,61.17,3359.34,"140.05","7691.63",79.78,4381.76,"fungi.Ecotone.BOER.5","transitions","Ecotone","BOER",5,"E.Boer"
"20","fungi.Ecotone.BOER.5","Saprotroph",98.4838445694614,"Ecotone_BOER_5",69,63.2,20,16.8,8.4,0,167,0.8,1.2,"E","Boer",5,7.44,408.56,61.17,3359.34,"140.05","7691.63",79.78,4381.76,"fungi.Ecotone.BOER.5","transitions","Ecotone","BOER",5,"E.Boer"
"21","fungi.Ecotone.BOER.6","Arbuscular Mycorrhizal",168.607664923438,"Ecotone_BOER_6",70,67.2,18,14.8,8.5,1,144,0.8,1.1,"E","Boer",6,3.57,249.49,38.32,2674.93,"91.05","6355.4",45.46,3173.16,"fungi.Ecotone.BOER.6","transitions","Ecotone","BOER",6,"E.Boer"
"22","fungi.Ecotone.BOER.6","Endophyte",21.97547560093,"Ecotone_BOER_6",70,67.2,18,14.8,8.5,1,144,0.8,1.1,"E","Boer",6,3.57,249.49,38.32,2674.93,"91.05","6355.4",45.46,3173.16,"fungi.Ecotone.BOER.6","transitions","Ecotone","BOER",6,"E.Boer"
"23","fungi.Ecotone.BOER.6","Plant Pathogen",59.8825347955118,"Ecotone_BOER_6",70,67.2,18,14.8,8.5,1,144,0.8,1.1,"E","Boer",6,3.57,249.49,38.32,2674.93,"91.05","6355.4",45.46,3173.16,"fungi.Ecotone.BOER.6","transitions","Ecotone","BOER",6,"E.Boer"
"24","fungi.Ecotone.BOER.6","Saprotroph",139.17555901636,"Ecotone_BOER_6",70,67.2,18,14.8,8.5,1,144,0.8,1.1,"E","Boer",6,3.57,249.49,38.32,2674.93,"91.05","6355.4",45.46,3173.16,"fungi.Ecotone.BOER.6","transitions","Ecotone","BOER",6,"E.Boer"
"25","fungi.Ecotone.BOER.7","Arbuscular Mycorrhizal",114.203405942806,"Ecotone_BOER_7",71,59.2,20,20.8,8.5,0,184,1,1.4,"E","Boer",7,6.86,353.72,52.46,2704.61,"200.06","10315.07",49.5,2551.98,"fungi.Ecotone.BOER.7","transitions","Ecotone","BOER",7,"E.Boer"
"26","fungi.Ecotone.BOER.7","Endophyte",31.6618707877275,"Ecotone_BOER_7",71,59.2,20,20.8,8.5,0,184,1,1.4,"E","Boer",7,6.86,353.72,52.46,2704.61,"200.06","10315.07",49.5,2551.98,"fungi.Ecotone.BOER.7","transitions","Ecotone","BOER",7,"E.Boer"
"27","fungi.Ecotone.BOER.7","Plant Pathogen",71.4746570852064,"Ecotone_BOER_7",71,59.2,20,20.8,8.5,0,184,1,1.4,"E","Boer",7,6.86,353.72,52.46,2704.61,"200.06","10315.07",49.5,2551.98,"fungi.Ecotone.BOER.7","transitions","Ecotone","BOER",7,"E.Boer"
"28","fungi.Ecotone.BOER.7","Saprotroph",176.634166378663,"Ecotone_BOER_7",71,59.2,20,20.8,8.5,0,184,1,1.4,"E","Boer",7,6.86,353.72,52.46,2704.61,"200.06","10315.07",49.5,2551.98,"fungi.Ecotone.BOER.7","transitions","Ecotone","BOER",7,"E.Boer"
"29","fungi.Ecotone.BOER.8","Arbuscular Mycorrhizal",96.240713893024,"Ecotone_BOER_8",72,57.6,19.2,23.2,8.5,0,191,0.8,1.1,"E","Boer",8,2.39,127.67,29.14,1559.38,"215.34","11523.25",21.56,1153.93,"fungi.Ecotone.BOER.8","transitions","Ecotone","BOER",8,"E.Boer"
"30","fungi.Ecotone.BOER.8","Endophyte",22.1356935909177,"Ecotone_BOER_8",72,57.6,19.2,23.2,8.5,0,191,0.8,1.1,"E","Boer",8,2.39,127.67,29.14,1559.38,"215.34","11523.25",21.56,1153.93,"fungi.Ecotone.BOER.8","transitions","Ecotone","BOER",8,"E.Boer"
"31","fungi.Ecotone.BOER.8","Plant Pathogen",48.3169069684815,"Ecotone_BOER_8",72,57.6,19.2,23.2,8.5,0,191,0.8,1.1,"E","Boer",8,2.39,127.67,29.14,1559.38,"215.34","11523.25",21.56,1153.93,"fungi.Ecotone.BOER.8","transitions","Ecotone","BOER",8,"E.Boer"
"32","fungi.Ecotone.BOER.8","Saprotroph",127.9553655275,"Ecotone_BOER_8",72,57.6,19.2,23.2,8.5,0,191,0.8,1.1,"E","Boer",8,2.39,127.67,29.14,1559.38,"215.34","11523.25",21.56,1153.93,"fungi.Ecotone.BOER.8","transitions","Ecotone","BOER",8,"E.Boer"
"33","fungi.Ecotone.LATR.1","Arbuscular Mycorrhizal",165.739712879079,"Ecotone_LATR_1",73,61.6,23.2,15.2,8.5,1,191,0.7,1.4,"E","Latr",1,3.76,194.75,59.14,3064.45,"183.84","9525.28",45.22,2342.88,"fungi.Ecotone.LATR.1","transitions","Ecotone","LATR",1,"E.Latr"
"34","fungi.Ecotone.LATR.1","Endophyte",25.9923894207932,"Ecotone_LATR_1",73,61.6,23.2,15.2,8.5,1,191,0.7,1.4,"E","Latr",1,3.76,194.75,59.14,3064.45,"183.84","9525.28",45.22,2342.88,"fungi.Ecotone.LATR.1","transitions","Ecotone","LATR",1,"E.Latr"
"35","fungi.Ecotone.LATR.1","Plant Pathogen",52.8405754865121,"Ecotone_LATR_1",73,61.6,23.2,15.2,8.5,1,191,0.7,1.4,"E","Latr",1,3.76,194.75,59.14,3064.45,"183.84","9525.28",45.22,2342.88,"fungi.Ecotone.LATR.1","transitions","Ecotone","LATR",1,"E.Latr"
"36","fungi.Ecotone.LATR.1","Saprotroph",180.098020009572,"Ecotone_LATR_1",73,61.6,23.2,15.2,8.5,1,191,0.7,1.4,"E","Latr",1,3.76,194.75,59.14,3064.45,"183.84","9525.28",45.22,2342.88,"fungi.Ecotone.LATR.1","transitions","Ecotone","LATR",1,"E.Latr"
"37","fungi.Ecotone.LATR.2","Arbuscular Mycorrhizal",81.1617952356941,"Ecotone_LATR_2",74,67.6,19.2,13.2,8.3,0,199,1,2.1,"E","Latr",2,3.52,170.08,34.99,1692.05,"110.85","5360.3",35.03,1693.75,"fungi.Ecotone.LATR.2","transitions","Ecotone","LATR",2,"E.Latr"
"38","fungi.Ecotone.LATR.2","Endophyte",20.5659368101729,"Ecotone_LATR_2",74,67.6,19.2,13.2,8.3,0,199,1,2.1,"E","Latr",2,3.52,170.08,34.99,1692.05,"110.85","5360.3",35.03,1693.75,"fungi.Ecotone.LATR.2","transitions","Ecotone","LATR",2,"E.Latr"
"39","fungi.Ecotone.LATR.2","Plant Pathogen",28.7534843016143,"Ecotone_LATR_2",74,67.6,19.2,13.2,8.3,0,199,1,2.1,"E","Latr",2,3.52,170.08,34.99,1692.05,"110.85","5360.3",35.03,1693.75,"fungi.Ecotone.LATR.2","transitions","Ecotone","LATR",2,"E.Latr"
"40","fungi.Ecotone.LATR.2","Saprotroph",149.707282686808,"Ecotone_LATR_2",74,67.6,19.2,13.2,8.3,0,199,1,2.1,"E","Latr",2,3.52,170.08,34.99,1692.05,"110.85","5360.3",35.03,1693.75,"fungi.Ecotone.LATR.2","transitions","Ecotone","LATR",2,"E.Latr"
"41","fungi.Ecotone.LATR.3","Arbuscular Mycorrhizal",51.9872231493418,"Ecotone_LATR_3",75,69.6,19.2,11.2,8.3,21,339,1.2,1.9,"E","Latr",3,5.08,221.97,69.35,3029.41,"89.78","3921.88",71.82,3137.35,"fungi.Ecotone.LATR.3","transitions","Ecotone","LATR",3,"E.Latr"
"42","fungi.Ecotone.LATR.3","Endophyte",28.9563884742907,"Ecotone_LATR_3",75,69.6,19.2,11.2,8.3,21,339,1.2,1.9,"E","Latr",3,5.08,221.97,69.35,3029.41,"89.78","3921.88",71.82,3137.35,"fungi.Ecotone.LATR.3","transitions","Ecotone","LATR",3,"E.Latr"
"43","fungi.Ecotone.LATR.3","Plant Pathogen",40.616686440827,"Ecotone_LATR_3",75,69.6,19.2,11.2,8.3,21,339,1.2,1.9,"E","Latr",3,5.08,221.97,69.35,3029.41,"89.78","3921.88",71.82,3137.35,"fungi.Ecotone.LATR.3","transitions","Ecotone","LATR",3,"E.Latr"
"44","fungi.Ecotone.LATR.3","Saprotroph",154.660929576608,"Ecotone_LATR_3",75,69.6,19.2,11.2,8.3,21,339,1.2,1.9,"E","Latr",3,5.08,221.97,69.35,3029.41,"89.78","3921.88",71.82,3137.35,"fungi.Ecotone.LATR.3","transitions","Ecotone","LATR",3,"E.Latr"
"45","fungi.Ecotone.LATR.4","Arbuscular Mycorrhizal",99.5775266423041,"Ecotone_LATR_4",76,65.6,17.2,17.2,8.5,0,235,0.7,2,"E","Latr",4,3.02,187.93,71.17,4424.06,"194.76","12107.4",40.69,2529.4,"fungi.Ecotone.LATR.4","transitions","Ecotone","LATR",4,"E.Latr"
"46","fungi.Ecotone.LATR.4","Endophyte",18.6737856772692,"Ecotone_LATR_4",76,65.6,17.2,17.2,8.5,0,235,0.7,2,"E","Latr",4,3.02,187.93,71.17,4424.06,"194.76","12107.4",40.69,2529.4,"fungi.Ecotone.LATR.4","transitions","Ecotone","LATR",4,"E.Latr"
"47","fungi.Ecotone.LATR.4","Plant Pathogen",61.4375213030799,"Ecotone_LATR_4",76,65.6,17.2,17.2,8.5,0,235,0.7,2,"E","Latr",4,3.02,187.93,71.17,4424.06,"194.76","12107.4",40.69,2529.4,"fungi.Ecotone.LATR.4","transitions","Ecotone","LATR",4,"E.Latr"
"48","fungi.Ecotone.LATR.4","Saprotroph",210.616814373027,"Ecotone_LATR_4",76,65.6,17.2,17.2,8.5,0,235,0.7,2,"E","Latr",4,3.02,187.93,71.17,4424.06,"194.76","12107.4",40.69,2529.4,"fungi.Ecotone.LATR.4","transitions","Ecotone","LATR",4,"E.Latr"
"49","fungi.Ecotone.LATR.5","Arbuscular Mycorrhizal",37.6713872736076,"Ecotone_LATR_5",77,55.6,20,24.4,8.4,0,217,1,0.8,"E","Latr",5,1.72,102.5,31.62,1887.3,"192.79","11508.77",20.47,1222.06,"fungi.Ecotone.LATR.5","transitions","Ecotone","LATR",5,"E.Latr"
"50","fungi.Ecotone.LATR.5","Endophyte",18.2941272642286,"Ecotone_LATR_5",77,55.6,20,24.4,8.4,0,217,1,0.8,"E","Latr",5,1.72,102.5,31.62,1887.3,"192.79","11508.77",20.47,1222.06,"fungi.Ecotone.LATR.5","transitions","Ecotone","LATR",5,"E.Latr"
"51","fungi.Ecotone.LATR.5","Plant Pathogen",53.8234434589883,"Ecotone_LATR_5",77,55.6,20,24.4,8.4,0,217,1,0.8,"E","Latr",5,1.72,102.5,31.62,1887.3,"192.79","11508.77",20.47,1222.06,"fungi.Ecotone.LATR.5","transitions","Ecotone","LATR",5,"E.Latr"
"52","fungi.Ecotone.LATR.5","Saprotroph",165.360929072874,"Ecotone_LATR_5",77,55.6,20,24.4,8.4,0,217,1,0.8,"E","Latr",5,1.72,102.5,31.62,1887.3,"192.79","11508.77",20.47,1222.06,"fungi.Ecotone.LATR.5","transitions","Ecotone","LATR",5,"E.Latr"
"53","fungi.Ecotone.LATR.6","Arbuscular Mycorrhizal",55.3204930672964,"Ecotone_LATR_6",78,59.6,20,20.4,8.4,0,223,0.8,0.9,"E","Latr",6,2.18,112.94,41.44,2151.36,"181.86","9440.49",34.46,1788.72,"fungi.Ecotone.LATR.6","transitions","Ecotone","LATR",6,"E.Latr"
"54","fungi.Ecotone.LATR.6","Endophyte",19.4024042670312,"Ecotone_LATR_6",78,59.6,20,20.4,8.4,0,223,0.8,0.9,"E","Latr",6,2.18,112.94,41.44,2151.36,"181.86","9440.49",34.46,1788.72,"fungi.Ecotone.LATR.6","transitions","Ecotone","LATR",6,"E.Latr"
"55","fungi.Ecotone.LATR.6","Plant Pathogen",62.8735354132598,"Ecotone_LATR_6",78,59.6,20,20.4,8.4,0,223,0.8,0.9,"E","Latr",6,2.18,112.94,41.44,2151.36,"181.86","9440.49",34.46,1788.72,"fungi.Ecotone.LATR.6","transitions","Ecotone","LATR",6,"E.Latr"
"56","fungi.Ecotone.LATR.6","Saprotroph",127.904553099968,"Ecotone_LATR_6",78,59.6,20,20.4,8.4,0,223,0.8,0.9,"E","Latr",6,2.18,112.94,41.44,2151.36,"181.86","9440.49",34.46,1788.72,"fungi.Ecotone.LATR.6","transitions","Ecotone","LATR",6,"E.Latr"
"57","fungi.Ecotone.LATR.7","Arbuscular Mycorrhizal",182.298006207544,"Ecotone_LATR_7",79,67.6,18,14.4,8.3,18,232,1,2.4,"E","Latr",7,5.25,316.22,65.55,3948.67,"62.24","3749.33",72.27,4353.8,"fungi.Ecotone.LATR.7","transitions","Ecotone","LATR",7,"E.Latr"
"58","fungi.Ecotone.LATR.7","Endophyte",17.7277832427471,"Ecotone_LATR_7",79,67.6,18,14.4,8.3,18,232,1,2.4,"E","Latr",7,5.25,316.22,65.55,3948.67,"62.24","3749.33",72.27,4353.8,"fungi.Ecotone.LATR.7","transitions","Ecotone","LATR",7,"E.Latr"
"59","fungi.Ecotone.LATR.7","Plant Pathogen",81.1026981616781,"Ecotone_LATR_7",79,67.6,18,14.4,8.3,18,232,1,2.4,"E","Latr",7,5.25,316.22,65.55,3948.67,"62.24","3749.33",72.27,4353.8,"fungi.Ecotone.LATR.7","transitions","Ecotone","LATR",7,"E.Latr"
"60","fungi.Ecotone.LATR.7","Saprotroph",218.05792133335,"Ecotone_LATR_7",79,67.6,18,14.4,8.3,18,232,1,2.4,"E","Latr",7,5.25,316.22,65.55,3948.67,"62.24","3749.33",72.27,4353.8,"fungi.Ecotone.LATR.7","transitions","Ecotone","LATR",7,"E.Latr"
"61","fungi.Ecotone.LATR.8","Arbuscular Mycorrhizal",76.3269686488078,"Ecotone_LATR_8",80,59.6,18,22.4,8.5,0,232,0.8,1.4,"E","Latr",8,3.07,197.11,23.22,1491.94,"144.69","9298.34",21.24,1365.2,"fungi.Ecotone.LATR.8","transitions","Ecotone","LATR",8,"E.Latr"
"62","fungi.Ecotone.LATR.8","Endophyte",26.5522177111516,"Ecotone_LATR_8",80,59.6,18,22.4,8.5,0,232,0.8,1.4,"E","Latr",8,3.07,197.11,23.22,1491.94,"144.69","9298.34",21.24,1365.2,"fungi.Ecotone.LATR.8","transitions","Ecotone","LATR",8,"E.Latr"
"63","fungi.Ecotone.LATR.8","Plant Pathogen",53.1919461800309,"Ecotone_LATR_8",80,59.6,18,22.4,8.5,0,232,0.8,1.4,"E","Latr",8,3.07,197.11,23.22,1491.94,"144.69","9298.34",21.24,1365.2,"fungi.Ecotone.LATR.8","transitions","Ecotone","LATR",8,"E.Latr"
"64","fungi.Ecotone.LATR.8","Saprotroph",100.853934922228,"Ecotone_LATR_8",80,59.6,18,22.4,8.5,0,232,0.8,1.4,"E","Latr",8,3.07,197.11,23.22,1491.94,"144.69","9298.34",21.24,1365.2,"fungi.Ecotone.LATR.8","transitions","Ecotone","LATR",8,"E.Latr"
"65","fungi.Ecotone.PLJA.1","Arbuscular Mycorrhizal",62.0775928301547,"Ecotone_PLJA_1",57,52.8,26,21.2,8.5,7,186,1,1.3,"E","Plja",1,3.58,204.55,37.08,2119.37,"252.38","14424.73",26.16,1495.16,"fungi.Ecotone.PLJA.1","transitions","Ecotone","PLJA",1,"E.Plja"
"66","fungi.Ecotone.PLJA.1","Endophyte",14.5094642802449,"Ecotone_PLJA_1",57,52.8,26,21.2,8.5,7,186,1,1.3,"E","Plja",1,3.58,204.55,37.08,2119.37,"252.38","14424.73",26.16,1495.16,"fungi.Ecotone.PLJA.1","transitions","Ecotone","PLJA",1,"E.Plja"
"67","fungi.Ecotone.PLJA.1","Plant Pathogen",28.1967934747901,"Ecotone_PLJA_1",57,52.8,26,21.2,8.5,7,186,1,1.3,"E","Plja",1,3.58,204.55,37.08,2119.37,"252.38","14424.73",26.16,1495.16,"fungi.Ecotone.PLJA.1","transitions","Ecotone","PLJA",1,"E.Plja"
"68","fungi.Ecotone.PLJA.1","Saprotroph",150.446037209688,"Ecotone_PLJA_1",57,52.8,26,21.2,8.5,7,186,1,1.3,"E","Plja",1,3.58,204.55,37.08,2119.37,"252.38","14424.73",26.16,1495.16,"fungi.Ecotone.PLJA.1","transitions","Ecotone","PLJA",1,"E.Plja"
"69","fungi.Ecotone.PLJA.2","Arbuscular Mycorrhizal",82.9749460142912,"Ecotone_PLJA_2",58,58.8,24,17.2,8.6,0,217,0.7,1,"E","Plja",2,1.08,70.39,21.4,1393.17,"166.28","10826.29",16.85,1096.86,"fungi.Ecotone.PLJA.2","transitions","Ecotone","PLJA",2,"E.Plja"
"70","fungi.Ecotone.PLJA.2","Endophyte",16.8112508160206,"Ecotone_PLJA_2",58,58.8,24,17.2,8.6,0,217,0.7,1,"E","Plja",2,1.08,70.39,21.4,1393.17,"166.28","10826.29",16.85,1096.86,"fungi.Ecotone.PLJA.2","transitions","Ecotone","PLJA",2,"E.Plja"
"71","fungi.Ecotone.PLJA.2","Plant Pathogen",53.498432265788,"Ecotone_PLJA_2",58,58.8,24,17.2,8.6,0,217,0.7,1,"E","Plja",2,1.08,70.39,21.4,1393.17,"166.28","10826.29",16.85,1096.86,"fungi.Ecotone.PLJA.2","transitions","Ecotone","PLJA",2,"E.Plja"
"72","fungi.Ecotone.PLJA.2","Saprotroph",106.84561959846,"Ecotone_PLJA_2",58,58.8,24,17.2,8.6,0,217,0.7,1,"E","Plja",2,1.08,70.39,21.4,1393.17,"166.28","10826.29",16.85,1096.86,"fungi.Ecotone.PLJA.2","transitions","Ecotone","PLJA",2,"E.Plja"
"73","fungi.Ecotone.PLJA.3","Arbuscular Mycorrhizal",200.890971400216,"Ecotone_PLJA_3",59,58.8,22,19.2,8.4,0,197,0.8,1.2,"E","Plja",3,2.14,113.4,31.5,1666.28,"161.18","8525.79",33.64,1779.59,"fungi.Ecotone.PLJA.3","transitions","Ecotone","PLJA",3,"E.Plja"
"74","fungi.Ecotone.PLJA.3","Endophyte",17.4020917585619,"Ecotone_PLJA_3",59,58.8,22,19.2,8.4,0,197,0.8,1.2,"E","Plja",3,2.14,113.4,31.5,1666.28,"161.18","8525.79",33.64,1779.59,"fungi.Ecotone.PLJA.3","transitions","Ecotone","PLJA",3,"E.Plja"
"75","fungi.Ecotone.PLJA.3","Plant Pathogen",54.0734785166986,"Ecotone_PLJA_3",59,58.8,22,19.2,8.4,0,197,0.8,1.2,"E","Plja",3,2.14,113.4,31.5,1666.28,"161.18","8525.79",33.64,1779.59,"fungi.Ecotone.PLJA.3","transitions","Ecotone","PLJA",3,"E.Plja"
"76","fungi.Ecotone.PLJA.3","Saprotroph",151.291365899769,"Ecotone_PLJA_3",59,58.8,22,19.2,8.4,0,197,0.8,1.2,"E","Plja",3,2.14,113.4,31.5,1666.28,"161.18","8525.79",33.64,1779.59,"fungi.Ecotone.PLJA.3","transitions","Ecotone","PLJA",3,"E.Plja"
"77","fungi.Ecotone.PLJA.4","Arbuscular Mycorrhizal",189.844771189263,"Ecotone_PLJA_4",60,58.8,22,19.2,8.5,4,186,0.9,1.2,"E","Plja",4,4.12,263.92,134.67,8625.86,"213.43","13670.82",28.26,1810.26,"fungi.Ecotone.PLJA.4","transitions","Ecotone","PLJA",4,"E.Plja"
"78","fungi.Ecotone.PLJA.4","Endophyte",22.7948068174245,"Ecotone_PLJA_4",60,58.8,22,19.2,8.5,4,186,0.9,1.2,"E","Plja",4,4.12,263.92,134.67,8625.86,"213.43","13670.82",28.26,1810.26,"fungi.Ecotone.PLJA.4","transitions","Ecotone","PLJA",4,"E.Plja"
"79","fungi.Ecotone.PLJA.4","Plant Pathogen",60.7195962747862,"Ecotone_PLJA_4",60,58.8,22,19.2,8.5,4,186,0.9,1.2,"E","Plja",4,4.12,263.92,134.67,8625.86,"213.43","13670.82",28.26,1810.26,"fungi.Ecotone.PLJA.4","transitions","Ecotone","PLJA",4,"E.Plja"
"80","fungi.Ecotone.PLJA.4","Saprotroph",201.247885854787,"Ecotone_PLJA_4",60,58.8,22,19.2,8.5,4,186,0.9,1.2,"E","Plja",4,4.12,263.92,134.67,8625.86,"213.43","13670.82",28.26,1810.26,"fungi.Ecotone.PLJA.4","transitions","Ecotone","PLJA",4,"E.Plja"
"81","fungi.Ecotone.PLJA.5","Arbuscular Mycorrhizal",136.155586507577,"Ecotone_PLJA_5",61,66.8,14,19.2,8.4,0,185,0.7,1.2,"E","Plja",5,8.49,504.08,71.1,4220.09,"131.62","7812.46",92.21,5472.87,"fungi.Ecotone.PLJA.5","transitions","Ecotone","PLJA",5,"E.Plja"
"82","fungi.Ecotone.PLJA.5","Endophyte",10.9209679802256,"Ecotone_PLJA_5",61,66.8,14,19.2,8.4,0,185,0.7,1.2,"E","Plja",5,8.49,504.08,71.1,4220.09,"131.62","7812.46",92.21,5472.87,"fungi.Ecotone.PLJA.5","transitions","Ecotone","PLJA",5,"E.Plja"
"83","fungi.Ecotone.PLJA.5","Plant Pathogen",32.0797863381035,"Ecotone_PLJA_5",61,66.8,14,19.2,8.4,0,185,0.7,1.2,"E","Plja",5,8.49,504.08,71.1,4220.09,"131.62","7812.46",92.21,5472.87,"fungi.Ecotone.PLJA.5","transitions","Ecotone","PLJA",5,"E.Plja"
"84","fungi.Ecotone.PLJA.5","Saprotroph",115.347587227494,"Ecotone_PLJA_5",61,66.8,14,19.2,8.4,0,185,0.7,1.2,"E","Plja",5,8.49,504.08,71.1,4220.09,"131.62","7812.46",92.21,5472.87,"fungi.Ecotone.PLJA.5","transitions","Ecotone","PLJA",5,"E.Plja"
"85","fungi.Ecotone.PLJA.6","Arbuscular Mycorrhizal",64.0012275598147,"Ecotone_PLJA_6",62,59.2,20,20.8,8.5,0,177,0.9,1.1,"E","Plja",6,4.44,245.52,41.94,2320.53,"169.06","9353.45",44.49,2461.71,"fungi.Ecotone.PLJA.6","transitions","Ecotone","PLJA",6,"E.Plja"
"86","fungi.Ecotone.PLJA.6","Endophyte",15.9898023811576,"Ecotone_PLJA_6",62,59.2,20,20.8,8.5,0,177,0.9,1.1,"E","Plja",6,4.44,245.52,41.94,2320.53,"169.06","9353.45",44.49,2461.71,"fungi.Ecotone.PLJA.6","transitions","Ecotone","PLJA",6,"E.Plja"
"87","fungi.Ecotone.PLJA.6","Plant Pathogen",54.6298862366075,"Ecotone_PLJA_6",62,59.2,20,20.8,8.5,0,177,0.9,1.1,"E","Plja",6,4.44,245.52,41.94,2320.53,"169.06","9353.45",44.49,2461.71,"fungi.Ecotone.PLJA.6","transitions","Ecotone","PLJA",6,"E.Plja"
"88","fungi.Ecotone.PLJA.6","Saprotroph",131.349332684883,"Ecotone_PLJA_6",62,59.2,20,20.8,8.5,0,177,0.9,1.1,"E","Plja",6,4.44,245.52,41.94,2320.53,"169.06","9353.45",44.49,2461.71,"fungi.Ecotone.PLJA.6","transitions","Ecotone","PLJA",6,"E.Plja"
"89","fungi.Ecotone.PLJA.7","Arbuscular Mycorrhizal",125.49570313206,"Ecotone_PLJA_7",63,69.2,16,14.8,8.5,5,149,0.7,1.7,"E","Plja",7,4.28,360.6,46.85,3945.92,"74.08","6239.17",69.73,5872.96,"fungi.Ecotone.PLJA.7","transitions","Ecotone","PLJA",7,"E.Plja"
"90","fungi.Ecotone.PLJA.7","Endophyte",26.4062686144683,"Ecotone_PLJA_7",63,69.2,16,14.8,8.5,5,149,0.7,1.7,"E","Plja",7,4.28,360.6,46.85,3945.92,"74.08","6239.17",69.73,5872.96,"fungi.Ecotone.PLJA.7","transitions","Ecotone","PLJA",7,"E.Plja"
"91","fungi.Ecotone.PLJA.7","Plant Pathogen",63.9521844656866,"Ecotone_PLJA_7",63,69.2,16,14.8,8.5,5,149,0.7,1.7,"E","Plja",7,4.28,360.6,46.85,3945.92,"74.08","6239.17",69.73,5872.96,"fungi.Ecotone.PLJA.7","transitions","Ecotone","PLJA",7,"E.Plja"
"92","fungi.Ecotone.PLJA.7","Saprotroph",123.349237108248,"Ecotone_PLJA_7",63,69.2,16,14.8,8.5,5,149,0.7,1.7,"E","Plja",7,4.28,360.6,46.85,3945.92,"74.08","6239.17",69.73,5872.96,"fungi.Ecotone.PLJA.7","transitions","Ecotone","PLJA",7,"E.Plja"
"93","fungi.Ecotone.PLJA.8","Arbuscular Mycorrhizal",122.466547114494,"Ecotone_PLJA_8",64,61.2,18,20.8,8.4,0,182,0.7,1.9,"E","Plja",8,2.26,125.24,25.31,1404.01,"159.02","8822.31",15.9,882.25,"fungi.Ecotone.PLJA.8","transitions","Ecotone","PLJA",8,"E.Plja"
"94","fungi.Ecotone.PLJA.8","Endophyte",21.6899176570768,"Ecotone_PLJA_8",64,61.2,18,20.8,8.4,0,182,0.7,1.9,"E","Plja",8,2.26,125.24,25.31,1404.01,"159.02","8822.31",15.9,882.25,"fungi.Ecotone.PLJA.8","transitions","Ecotone","PLJA",8,"E.Plja"
"95","fungi.Ecotone.PLJA.8","Plant Pathogen",27.7965343614456,"Ecotone_PLJA_8",64,61.2,18,20.8,8.4,0,182,0.7,1.9,"E","Plja",8,2.26,125.24,25.31,1404.01,"159.02","8822.31",15.9,882.25,"fungi.Ecotone.PLJA.8","transitions","Ecotone","PLJA",8,"E.Plja"
"96","fungi.Ecotone.PLJA.8","Saprotroph",123.017498795257,"Ecotone_PLJA_8",64,61.2,18,20.8,8.4,0,182,0.7,1.9,"E","Plja",8,2.26,125.24,25.31,1404.01,"159.02","8822.31",15.9,882.25,"fungi.Ecotone.PLJA.8","transitions","Ecotone","PLJA",8,"E.Plja"
"97","fungi.Grass.BOER.1","Arbuscular Mycorrhizal",90.4178743807924,"Grass_BOER_1",41,48,26,26,8.5,19,255,1.2,1,"G","Boer",1,2.74,109.36,49,1952.49,"280.79","11187.96",24.67,983.01,"fungi.Grass.BOER.1","transitions","Grass","BOER",1,"G.Boer"
"98","fungi.Grass.BOER.1","Endophyte",19.0753386042273,"Grass_BOER_1",41,48,26,26,8.5,19,255,1.2,1,"G","Boer",1,2.74,109.36,49,1952.49,"280.79","11187.96",24.67,983.01,"fungi.Grass.BOER.1","transitions","Grass","BOER",1,"G.Boer"
"99","fungi.Grass.BOER.1","Plant Pathogen",22.1874363444626,"Grass_BOER_1",41,48,26,26,8.5,19,255,1.2,1,"G","Boer",1,2.74,109.36,49,1952.49,"280.79","11187.96",24.67,983.01,"fungi.Grass.BOER.1","transitions","Grass","BOER",1,"G.Boer"
"100","fungi.Grass.BOER.1","Saprotroph",83.07530495447,"Grass_BOER_1",41,48,26,26,8.5,19,255,1.2,1,"G","Boer",1,2.74,109.36,49,1952.49,"280.79","11187.96",24.67,983.01,"fungi.Grass.BOER.1","transitions","Grass","BOER",1,"G.Boer"
"101","fungi.Grass.BOER.2","Arbuscular Mycorrhizal",108.166868672357,"Grass_BOER_2",42,50,30,20,8.4,25,251,1.1,2.7,"G","Boer",2,7.06,298.56,59.01,2496.09,"194.39","8222.43",59.96,2536.29,"fungi.Grass.BOER.2","transitions","Grass","BOER",2,"G.Boer"
"102","fungi.Grass.BOER.2","Endophyte",17.8187470002087,"Grass_BOER_2",42,50,30,20,8.4,25,251,1.1,2.7,"G","Boer",2,7.06,298.56,59.01,2496.09,"194.39","8222.43",59.96,2536.29,"fungi.Grass.BOER.2","transitions","Grass","BOER",2,"G.Boer"
"103","fungi.Grass.BOER.2","Plant Pathogen",53.9252898953808,"Grass_BOER_2",42,50,30,20,8.4,25,251,1.1,2.7,"G","Boer",2,7.06,298.56,59.01,2496.09,"194.39","8222.43",59.96,2536.29,"fungi.Grass.BOER.2","transitions","Grass","BOER",2,"G.Boer"
"104","fungi.Grass.BOER.2","Saprotroph",142.144658517324,"Grass_BOER_2",42,50,30,20,8.4,25,251,1.1,2.7,"G","Boer",2,7.06,298.56,59.01,2496.09,"194.39","8222.43",59.96,2536.29,"fungi.Grass.BOER.2","transitions","Grass","BOER",2,"G.Boer"
"105","fungi.Grass.BOER.3","Arbuscular Mycorrhizal",150.045097750141,"Grass_BOER_3",43,54,24,22,8.4,26,285,1.5,1.6,"G","Boer",3,12.84,391.01,103.5,3151.92,"239.59","7296.37",112.67,3431.09,"fungi.Grass.BOER.3","transitions","Grass","BOER",3,"G.Boer"
"106","fungi.Grass.BOER.3","Endophyte",20.4309697696894,"Grass_BOER_3",43,54,24,22,8.4,26,285,1.5,1.6,"G","Boer",3,12.84,391.01,103.5,3151.92,"239.59","7296.37",112.67,3431.09,"fungi.Grass.BOER.3","transitions","Grass","BOER",3,"G.Boer"
"107","fungi.Grass.BOER.3","Plant Pathogen",36.7188855399818,"Grass_BOER_3",43,54,24,22,8.4,26,285,1.5,1.6,"G","Boer",3,12.84,391.01,103.5,3151.92,"239.59","7296.37",112.67,3431.09,"fungi.Grass.BOER.3","transitions","Grass","BOER",3,"G.Boer"
"108","fungi.Grass.BOER.3","Saprotroph",175.127764919218,"Grass_BOER_3",43,54,24,22,8.4,26,285,1.5,1.6,"G","Boer",3,12.84,391.01,103.5,3151.92,"239.59","7296.37",112.67,3431.09,"fungi.Grass.BOER.3","transitions","Grass","BOER",3,"G.Boer"
"109","fungi.Grass.BOER.4","Arbuscular Mycorrhizal",104.717088529142,"Grass_BOER_4",44,54,20,26,8.4,23,265,1.4,1.5,"G","Boer",4,6.12,221.62,80.07,2899.79,"317.2","11487.83",53.44,1935.21,"fungi.Grass.BOER.4","transitions","Grass","BOER",4,"G.Boer"
"110","fungi.Grass.BOER.4","Endophyte",11.8370210351424,"Grass_BOER_4",44,54,20,26,8.4,23,265,1.4,1.5,"G","Boer",4,6.12,221.62,80.07,2899.79,"317.2","11487.83",53.44,1935.21,"fungi.Grass.BOER.4","transitions","Grass","BOER",4,"G.Boer"
"111","fungi.Grass.BOER.4","Plant Pathogen",34.2348609895874,"Grass_BOER_4",44,54,20,26,8.4,23,265,1.4,1.5,"G","Boer",4,6.12,221.62,80.07,2899.79,"317.2","11487.83",53.44,1935.21,"fungi.Grass.BOER.4","transitions","Grass","BOER",4,"G.Boer"
"112","fungi.Grass.BOER.4","Saprotroph",65.3817017431729,"Grass_BOER_4",44,54,20,26,8.4,23,265,1.4,1.5,"G","Boer",4,6.12,221.62,80.07,2899.79,"317.2","11487.83",53.44,1935.21,"fungi.Grass.BOER.4","transitions","Grass","BOER",4,"G.Boer"
"113","fungi.Grass.BOER.5","Arbuscular Mycorrhizal",63.1275036974967,"Grass_BOER_5",45,52,26,22,8.4,31,300,1.1,3.8,"G","Boer",5,4.38,181.11,105.02,4339.92,"236.47","9772.24",32.99,1363.26,"fungi.Grass.BOER.5","transitions","Grass","BOER",5,"G.Boer"
"114","fungi.Grass.BOER.5","Endophyte",15.0189325562333,"Grass_BOER_5",45,52,26,22,8.4,31,300,1.1,3.8,"G","Boer",5,4.38,181.11,105.02,4339.92,"236.47","9772.24",32.99,1363.26,"fungi.Grass.BOER.5","transitions","Grass","BOER",5,"G.Boer"
"115","fungi.Grass.BOER.5","Plant Pathogen",48.9418910825286,"Grass_BOER_5",45,52,26,22,8.4,31,300,1.1,3.8,"G","Boer",5,4.38,181.11,105.02,4339.92,"236.47","9772.24",32.99,1363.26,"fungi.Grass.BOER.5","transitions","Grass","BOER",5,"G.Boer"
"116","fungi.Grass.BOER.5","Saprotroph",93.3990809674668,"Grass_BOER_5",45,52,26,22,8.4,31,300,1.1,3.8,"G","Boer",5,4.38,181.11,105.02,4339.92,"236.47","9772.24",32.99,1363.26,"fungi.Grass.BOER.5","transitions","Grass","BOER",5,"G.Boer"
"117","fungi.Grass.BOER.6","Arbuscular Mycorrhizal",95.6991003005221,"Grass_BOER_6",46,61,18.33333333,20.66666667,8.4,28,291,1.2,3.5,"G","Boer",6,8.87,322.83,50.38,1833.43,"152.6","5553.43",55.73,2028.12,"fungi.Grass.BOER.6","transitions","Grass","BOER",6,"G.Boer"
"118","fungi.Grass.BOER.6","Endophyte",20.4532508230559,"Grass_BOER_6",46,61,18.33333333,20.66666667,8.4,28,291,1.2,3.5,"G","Boer",6,8.87,322.83,50.38,1833.43,"152.6","5553.43",55.73,2028.12,"fungi.Grass.BOER.6","transitions","Grass","BOER",6,"G.Boer"
"119","fungi.Grass.BOER.6","Plant Pathogen",36.1694501176043,"Grass_BOER_6",46,61,18.33333333,20.66666667,8.4,28,291,1.2,3.5,"G","Boer",6,8.87,322.83,50.38,1833.43,"152.6","5553.43",55.73,2028.12,"fungi.Grass.BOER.6","transitions","Grass","BOER",6,"G.Boer"
"120","fungi.Grass.BOER.6","Saprotroph",110.117610650721,"Grass_BOER_6",46,61,18.33333333,20.66666667,8.4,28,291,1.2,3.5,"G","Boer",6,8.87,322.83,50.38,1833.43,"152.6","5553.43",55.73,2028.12,"fungi.Grass.BOER.6","transitions","Grass","BOER",6,"G.Boer"
"121","fungi.Grass.BOER.7","Arbuscular Mycorrhizal",147.043647042156,"Grass_BOER_7",47,66,16.66666667,17.33333333,8.4,25,232,1,1.1,"G","Boer",7,11.2,554.6,49.11,2431.69,"126.96","6286.86",72.02,3566.38,"fungi.Grass.BOER.7","transitions","Grass","BOER",7,"G.Boer"
"122","fungi.Grass.BOER.7","Endophyte",21.9451980081879,"Grass_BOER_7",47,66,16.66666667,17.33333333,8.4,25,232,1,1.1,"G","Boer",7,11.2,554.6,49.11,2431.69,"126.96","6286.86",72.02,3566.38,"fungi.Grass.BOER.7","transitions","Grass","BOER",7,"G.Boer"
"123","fungi.Grass.BOER.7","Plant Pathogen",61.5964609286383,"Grass_BOER_7",47,66,16.66666667,17.33333333,8.4,25,232,1,1.1,"G","Boer",7,11.2,554.6,49.11,2431.69,"126.96","6286.86",72.02,3566.38,"fungi.Grass.BOER.7","transitions","Grass","BOER",7,"G.Boer"
"124","fungi.Grass.BOER.7","Saprotroph",142.061753894344,"Grass_BOER_7",47,66,16.66666667,17.33333333,8.4,25,232,1,1.1,"G","Boer",7,11.2,554.6,49.11,2431.69,"126.96","6286.86",72.02,3566.38,"fungi.Grass.BOER.7","transitions","Grass","BOER",7,"G.Boer"
"125","fungi.Grass.BOER.8","Arbuscular Mycorrhizal",106.267629483273,"Grass_BOER_8",48,64.33333333,16.66666667,19,8.4,15,241,1.1,3.7,"G","Boer",8,6.79,248.36,44.42,1623.7,"170.38","6228.13",39.47,1442.69,"fungi.Grass.BOER.8","transitions","Grass","BOER",8,"G.Boer"
"126","fungi.Grass.BOER.8","Endophyte",18.8989574296939,"Grass_BOER_8",48,64.33333333,16.66666667,19,8.4,15,241,1.1,3.7,"G","Boer",8,6.79,248.36,44.42,1623.7,"170.38","6228.13",39.47,1442.69,"fungi.Grass.BOER.8","transitions","Grass","BOER",8,"G.Boer"
"127","fungi.Grass.BOER.8","Plant Pathogen",45.9006910403896,"Grass_BOER_8",48,64.33333333,16.66666667,19,8.4,15,241,1.1,3.7,"G","Boer",8,6.79,248.36,44.42,1623.7,"170.38","6228.13",39.47,1442.69,"fungi.Grass.BOER.8","transitions","Grass","BOER",8,"G.Boer"
"128","fungi.Grass.BOER.8","Saprotroph",127.64336785915,"Grass_BOER_8",48,64.33333333,16.66666667,19,8.4,15,241,1.1,3.7,"G","Boer",8,6.79,248.36,44.42,1623.7,"170.38","6228.13",39.47,1442.69,"fungi.Grass.BOER.8","transitions","Grass","BOER",8,"G.Boer"
"129","fungi.Grass.BOGR.1","Arbuscular Mycorrhizal",132.141033587008,"Grass_BOGR_1",49,64.33333333,18.33333333,17.33333333,8.5,17,217,1.2,1.5,"G","Bogr",1,5.67,204.96,138.13,4997.25,"228.03","8249.39",39.61,1433.01,"fungi.Grass.BOGR.1","transitions","Grass","BOGR",1,"G.Bogr"
"130","fungi.Grass.BOGR.1","Endophyte",18.0192360555795,"Grass_BOGR_1",49,64.33333333,18.33333333,17.33333333,8.5,17,217,1.2,1.5,"G","Bogr",1,5.67,204.96,138.13,4997.25,"228.03","8249.39",39.61,1433.01,"fungi.Grass.BOGR.1","transitions","Grass","BOGR",1,"G.Bogr"
"131","fungi.Grass.BOGR.1","Plant Pathogen",54.6259196985954,"Grass_BOGR_1",49,64.33333333,18.33333333,17.33333333,8.5,17,217,1.2,1.5,"G","Bogr",1,5.67,204.96,138.13,4997.25,"228.03","8249.39",39.61,1433.01,"fungi.Grass.BOGR.1","transitions","Grass","BOGR",1,"G.Bogr"
"132","fungi.Grass.BOGR.1","Saprotroph",182.043316080987,"Grass_BOGR_1",49,64.33333333,18.33333333,17.33333333,8.5,17,217,1.2,1.5,"G","Bogr",1,5.67,204.96,138.13,4997.25,"228.03","8249.39",39.61,1433.01,"fungi.Grass.BOGR.1","transitions","Grass","BOGR",1,"G.Bogr"
"133","fungi.Grass.BOGR.2","Arbuscular Mycorrhizal",123.822066757868,"Grass_BOGR_2",50,59.33333333,21.66666667,19,8.5,23,313,1,1.1,"G","Bogr",2,4.72,209.83,54.48,2421.56,"313.66","13942.78",35.47,1576.94,"fungi.Grass.BOGR.2","transitions","Grass","BOGR",2,"G.Bogr"
"134","fungi.Grass.BOGR.2","Endophyte",10.9209679802256,"Grass_BOGR_2",50,59.33333333,21.66666667,19,8.5,23,313,1,1.1,"G","Bogr",2,4.72,209.83,54.48,2421.56,"313.66","13942.78",35.47,1576.94,"fungi.Grass.BOGR.2","transitions","Grass","BOGR",2,"G.Bogr"
"135","fungi.Grass.BOGR.2","Plant Pathogen",38.8581912720781,"Grass_BOGR_2",50,59.33333333,21.66666667,19,8.5,23,313,1,1.1,"G","Bogr",2,4.72,209.83,54.48,2421.56,"313.66","13942.78",35.47,1576.94,"fungi.Grass.BOGR.2","transitions","Grass","BOGR",2,"G.Bogr"
"136","fungi.Grass.BOGR.2","Saprotroph",89.0532167083919,"Grass_BOGR_2",50,59.33333333,21.66666667,19,8.5,23,313,1,1.1,"G","Bogr",2,4.72,209.83,54.48,2421.56,"313.66","13942.78",35.47,1576.94,"fungi.Grass.BOGR.2","transitions","Grass","BOGR",2,"G.Bogr"
"137","fungi.Grass.BOGR.3","Arbuscular Mycorrhizal",87.9918690932788,"Grass_BOGR_3",51,45.2,28,26.8,8.5,28,320,1.5,3.2,"G","Bogr",3,6.17,213.31,77.99,2694.48,"291.55","10073.35",58.93,2035.9,"fungi.Grass.BOGR.3","transitions","Grass","BOGR",3,"G.Bogr"
"138","fungi.Grass.BOGR.3","Endophyte",13.7718101293355,"Grass_BOGR_3",51,45.2,28,26.8,8.5,28,320,1.5,3.2,"G","Bogr",3,6.17,213.31,77.99,2694.48,"291.55","10073.35",58.93,2035.9,"fungi.Grass.BOGR.3","transitions","Grass","BOGR",3,"G.Bogr"
"139","fungi.Grass.BOGR.3","Plant Pathogen",42.2998350641851,"Grass_BOGR_3",51,45.2,28,26.8,8.5,28,320,1.5,3.2,"G","Bogr",3,6.17,213.31,77.99,2694.48,"291.55","10073.35",58.93,2035.9,"fungi.Grass.BOGR.3","transitions","Grass","BOGR",3,"G.Bogr"
"140","fungi.Grass.BOGR.3","Saprotroph",126.98190076795,"Grass_BOGR_3",51,45.2,28,26.8,8.5,28,320,1.5,3.2,"G","Bogr",3,6.17,213.31,77.99,2694.48,"291.55","10073.35",58.93,2035.9,"fungi.Grass.BOGR.3","transitions","Grass","BOGR",3,"G.Bogr"
"141","fungi.Grass.BOGR.4","Arbuscular Mycorrhizal",165.170804964951,"Grass_BOGR_4",52,55.2,24,20.8,8.5,23,286,1,1.3,"G","Bogr",4,3.17,146.6,111.65,5159.54,"224.08","10355.69",22.1,1021.49,"fungi.Grass.BOGR.4","transitions","Grass","BOGR",4,"G.Bogr"
"142","fungi.Grass.BOGR.4","Endophyte",21.1814388932839,"Grass_BOGR_4",52,55.2,24,20.8,8.5,23,286,1,1.3,"G","Bogr",4,3.17,146.6,111.65,5159.54,"224.08","10355.69",22.1,1021.49,"fungi.Grass.BOGR.4","transitions","Grass","BOGR",4,"G.Bogr"
"143","fungi.Grass.BOGR.4","Plant Pathogen",43.5468295637708,"Grass_BOGR_4",52,55.2,24,20.8,8.5,23,286,1,1.3,"G","Bogr",4,3.17,146.6,111.65,5159.54,"224.08","10355.69",22.1,1021.49,"fungi.Grass.BOGR.4","transitions","Grass","BOGR",4,"G.Bogr"
"144","fungi.Grass.BOGR.4","Saprotroph",128.778351564891,"Grass_BOGR_4",52,55.2,24,20.8,8.5,23,286,1,1.3,"G","Bogr",4,3.17,146.6,111.65,5159.54,"224.08","10355.69",22.1,1021.49,"fungi.Grass.BOGR.4","transitions","Grass","BOGR",4,"G.Bogr"
"145","fungi.Grass.BOGR.5","Arbuscular Mycorrhizal",93.5487867315342,"Grass_BOGR_5",53,49.2,28,22.8,8.5,24,348,1.5,2.6,"G","Bogr",5,4.96,179.42,56.61,2049.56,"163.37","5914.16",42.47,1537.49,"fungi.Grass.BOGR.5","transitions","Grass","BOGR",5,"G.Bogr"
"146","fungi.Grass.BOGR.5","Endophyte",12.0965531973889,"Grass_BOGR_5",53,49.2,28,22.8,8.5,24,348,1.5,2.6,"G","Bogr",5,4.96,179.42,56.61,2049.56,"163.37","5914.16",42.47,1537.49,"fungi.Grass.BOGR.5","transitions","Grass","BOGR",5,"G.Bogr"
"147","fungi.Grass.BOGR.5","Plant Pathogen",29.5446898462169,"Grass_BOGR_5",53,49.2,28,22.8,8.5,24,348,1.5,2.6,"G","Bogr",5,4.96,179.42,56.61,2049.56,"163.37","5914.16",42.47,1537.49,"fungi.Grass.BOGR.5","transitions","Grass","BOGR",5,"G.Bogr"
"148","fungi.Grass.BOGR.5","Saprotroph",85.4344354766773,"Grass_BOGR_5",53,49.2,28,22.8,8.5,24,348,1.5,2.6,"G","Bogr",5,4.96,179.42,56.61,2049.56,"163.37","5914.16",42.47,1537.49,"fungi.Grass.BOGR.5","transitions","Grass","BOGR",5,"G.Bogr"
"149","fungi.Grass.BOGR.6","Arbuscular Mycorrhizal",78.02610923627,"Grass_BOGR_6",NA,NA,NA,NA,8.5,27,319,1.1,2.4,"G","Bogr",6,15.53,714.13,73.56,3382.63,"116","5334.56",77.6,3568.42,"fungi.Grass.BOGR.6","transitions","Grass","BOGR",6,"G.Bogr"
"150","fungi.Grass.BOGR.6","Endophyte",27.9246327045136,"Grass_BOGR_6",NA,NA,NA,NA,8.5,27,319,1.1,2.4,"G","Bogr",6,15.53,714.13,73.56,3382.63,"116","5334.56",77.6,3568.42,"fungi.Grass.BOGR.6","transitions","Grass","BOGR",6,"G.Bogr"
"151","fungi.Grass.BOGR.6","Plant Pathogen",43.0954241708606,"Grass_BOGR_6",NA,NA,NA,NA,8.5,27,319,1.1,2.4,"G","Bogr",6,15.53,714.13,73.56,3382.63,"116","5334.56",77.6,3568.42,"fungi.Grass.BOGR.6","transitions","Grass","BOGR",6,"G.Bogr"
"152","fungi.Grass.BOGR.6","Saprotroph",172.44633186215,"Grass_BOGR_6",NA,NA,NA,NA,8.5,27,319,1.1,2.4,"G","Bogr",6,15.53,714.13,73.56,3382.63,"116","5334.56",77.6,3568.42,"fungi.Grass.BOGR.6","transitions","Grass","BOGR",6,"G.Bogr"
"153","fungi.Grass.BOGR.7","Arbuscular Mycorrhizal",101.96409356897,"Grass_BOGR_7",55,57.2,20,22.8,8.6,23,272,1,0.8,"G","Bogr",7,6.98,309.45,37.44,1661.18,"177.57","7877.88",28.83,1279.2,"fungi.Grass.BOGR.7","transitions","Grass","BOGR",7,"G.Bogr"
"154","fungi.Grass.BOGR.7","Endophyte",19.7777028491638,"Grass_BOGR_7",55,57.2,20,22.8,8.6,23,272,1,0.8,"G","Bogr",7,6.98,309.45,37.44,1661.18,"177.57","7877.88",28.83,1279.2,"fungi.Grass.BOGR.7","transitions","Grass","BOGR",7,"G.Bogr"
"155","fungi.Grass.BOGR.7","Plant Pathogen",29.2816917686755,"Grass_BOGR_7",55,57.2,20,22.8,8.6,23,272,1,0.8,"G","Bogr",7,6.98,309.45,37.44,1661.18,"177.57","7877.88",28.83,1279.2,"fungi.Grass.BOGR.7","transitions","Grass","BOGR",7,"G.Bogr"
"156","fungi.Grass.BOGR.7","Saprotroph",150.9815777067,"Grass_BOGR_7",55,57.2,20,22.8,8.6,23,272,1,0.8,"G","Bogr",7,6.98,309.45,37.44,1661.18,"177.57","7877.88",28.83,1279.2,"fungi.Grass.BOGR.7","transitions","Grass","BOGR",7,"G.Bogr"
"157","fungi.Grass.BOGR.8","Arbuscular Mycorrhizal",159.916274343316,"Grass_BOGR_8",56,57.2,20,22.8,8.6,20,318,1.2,1.5,"G","Bogr",8,10.63,442.65,51.58,2148.64,"191.21","7964.97",48.79,2032.2,"fungi.Grass.BOGR.8","transitions","Grass","BOGR",8,"G.Bogr"
"158","fungi.Grass.BOGR.8","Endophyte",23.1724053528452,"Grass_BOGR_8",56,57.2,20,22.8,8.6,20,318,1.2,1.5,"G","Bogr",8,10.63,442.65,51.58,2148.64,"191.21","7964.97",48.79,2032.2,"fungi.Grass.BOGR.8","transitions","Grass","BOGR",8,"G.Bogr"
"159","fungi.Grass.BOGR.8","Plant Pathogen",37.3777795930755,"Grass_BOGR_8",56,57.2,20,22.8,8.6,20,318,1.2,1.5,"G","Bogr",8,10.63,442.65,51.58,2148.64,"191.21","7964.97",48.79,2032.2,"fungi.Grass.BOGR.8","transitions","Grass","BOGR",8,"G.Bogr"
"160","fungi.Grass.BOGR.8","Saprotroph",121.629537697386,"Grass_BOGR_8",56,57.2,20,22.8,8.6,20,318,1.2,1.5,"G","Bogr",8,10.63,442.65,51.58,2148.64,"191.21","7964.97",48.79,2032.2,"fungi.Grass.BOGR.8","transitions","Grass","BOGR",8,"G.Bogr"
"161","fungi.Grass.PLJA.1","Arbuscular Mycorrhizal",47.012693127286,"Grass_PLJA_1",33,51.2,18,30.8,8.5,20,303,1.1,1.2,"G","Plja",1,4.51,181.17,129.67,5212.29,"342.91","13783.46",31.6,1270.01,"fungi.Grass.PLJA.1","transitions","Grass","PLJA",1,"G.Plja"
"162","fungi.Grass.PLJA.1","Endophyte",10.9209679802256,"Grass_PLJA_1",33,51.2,18,30.8,8.5,20,303,1.1,1.2,"G","Plja",1,4.51,181.17,129.67,5212.29,"342.91","13783.46",31.6,1270.01,"fungi.Grass.PLJA.1","transitions","Grass","PLJA",1,"G.Plja"
"163","fungi.Grass.PLJA.1","Plant Pathogen",71.1280198481106,"Grass_PLJA_1",33,51.2,18,30.8,8.5,20,303,1.1,1.2,"G","Plja",1,4.51,181.17,129.67,5212.29,"342.91","13783.46",31.6,1270.01,"fungi.Grass.PLJA.1","transitions","Grass","PLJA",1,"G.Plja"
"164","fungi.Grass.PLJA.1","Saprotroph",166.9658211178,"Grass_PLJA_1",33,51.2,18,30.8,8.5,20,303,1.1,1.2,"G","Plja",1,4.51,181.17,129.67,5212.29,"342.91","13783.46",31.6,1270.01,"fungi.Grass.PLJA.1","transitions","Grass","PLJA",1,"G.Plja"
"165","fungi.Grass.PLJA.2","Arbuscular Mycorrhizal",295.140009821954,"Grass_PLJA_2",34,43.2,28,28.8,8.4,26,377,1.3,1.8,"G","Plja",2,6.17,222,57.19,2056.37,"313.62","11276.9",52.2,1876.81,"fungi.Grass.PLJA.2","transitions","Grass","PLJA",2,"G.Plja"
"166","fungi.Grass.PLJA.2","Endophyte",38.4136548301903,"Grass_PLJA_2",34,43.2,28,28.8,8.4,26,377,1.3,1.8,"G","Plja",2,6.17,222,57.19,2056.37,"313.62","11276.9",52.2,1876.81,"fungi.Grass.PLJA.2","transitions","Grass","PLJA",2,"G.Plja"
"167","fungi.Grass.PLJA.2","Plant Pathogen",125.438795182669,"Grass_PLJA_2",34,43.2,28,28.8,8.4,26,377,1.3,1.8,"G","Plja",2,6.17,222,57.19,2056.37,"313.62","11276.9",52.2,1876.81,"fungi.Grass.PLJA.2","transitions","Grass","PLJA",2,"G.Plja"
"168","fungi.Grass.PLJA.2","Saprotroph",405.355432081984,"Grass_PLJA_2",34,43.2,28,28.8,8.4,26,377,1.3,1.8,"G","Plja",2,6.17,222,57.19,2056.37,"313.62","11276.9",52.2,1876.81,"fungi.Grass.PLJA.2","transitions","Grass","PLJA",2,"G.Plja"
"169","fungi.Grass.PLJA.3","Arbuscular Mycorrhizal",103.592783433479,"Grass_PLJA_3",35,57.2,22,20.8,8.3,37,264,1.2,7.4,"G","Plja",3,2.95,125.09,107,4530.04,"211.95","8973.37",22.3,944.33,"fungi.Grass.PLJA.3","transitions","Grass","PLJA",3,"G.Plja"
"170","fungi.Grass.PLJA.3","Endophyte",23.2954757382733,"Grass_PLJA_3",35,57.2,22,20.8,8.3,37,264,1.2,7.4,"G","Plja",3,2.95,125.09,107,4530.04,"211.95","8973.37",22.3,944.33,"fungi.Grass.PLJA.3","transitions","Grass","PLJA",3,"G.Plja"
"171","fungi.Grass.PLJA.3","Plant Pathogen",29.5298508714344,"Grass_PLJA_3",35,57.2,22,20.8,8.3,37,264,1.2,7.4,"G","Plja",3,2.95,125.09,107,4530.04,"211.95","8973.37",22.3,944.33,"fungi.Grass.PLJA.3","transitions","Grass","PLJA",3,"G.Plja"
"172","fungi.Grass.PLJA.3","Saprotroph",125.38661689216,"Grass_PLJA_3",35,57.2,22,20.8,8.3,37,264,1.2,7.4,"G","Plja",3,2.95,125.09,107,4530.04,"211.95","8973.37",22.3,944.33,"fungi.Grass.PLJA.3","transitions","Grass","PLJA",3,"G.Plja"
"173","fungi.Grass.PLJA.4","Arbuscular Mycorrhizal",66.0105209945197,"Grass_PLJA_4",36,53.2,20,26.8,8.5,27,227,1,2.4,"G","Plja",4,4.07,175.85,47.94,2069.07,"200.39","8648.55",43.81,1890.73,"fungi.Grass.PLJA.4","transitions","Grass","PLJA",4,"G.Plja"
"174","fungi.Grass.PLJA.4","Endophyte",18.1266267940379,"Grass_PLJA_4",36,53.2,20,26.8,8.5,27,227,1,2.4,"G","Plja",4,4.07,175.85,47.94,2069.07,"200.39","8648.55",43.81,1890.73,"fungi.Grass.PLJA.4","transitions","Grass","PLJA",4,"G.Plja"
"175","fungi.Grass.PLJA.4","Plant Pathogen",33.2148404473559,"Grass_PLJA_4",36,53.2,20,26.8,8.5,27,227,1,2.4,"G","Plja",4,4.07,175.85,47.94,2069.07,"200.39","8648.55",43.81,1890.73,"fungi.Grass.PLJA.4","transitions","Grass","PLJA",4,"G.Plja"
"176","fungi.Grass.PLJA.4","Saprotroph",82.654706914379,"Grass_PLJA_4",36,53.2,20,26.8,8.5,27,227,1,2.4,"G","Plja",4,4.07,175.85,47.94,2069.07,"200.39","8648.55",43.81,1890.73,"fungi.Grass.PLJA.4","transitions","Grass","PLJA",4,"G.Plja"
"177","fungi.Grass.PLJA.5","Arbuscular Mycorrhizal",113.55241969588,"Grass_PLJA_5",37,53.2,22,24.8,8.4,33,359,1.3,1.2,"G","Plja",5,7.99,297.61,62.17,2316.13,"188.17","7010.22",61.34,2285.43,"fungi.Grass.PLJA.5","transitions","Grass","PLJA",5,"G.Plja"
"178","fungi.Grass.PLJA.5","Endophyte",28.0777932630952,"Grass_PLJA_5",37,53.2,22,24.8,8.4,33,359,1.3,1.2,"G","Plja",5,7.99,297.61,62.17,2316.13,"188.17","7010.22",61.34,2285.43,"fungi.Grass.PLJA.5","transitions","Grass","PLJA",5,"G.Plja"
"179","fungi.Grass.PLJA.5","Plant Pathogen",54.4627858053927,"Grass_PLJA_5",37,53.2,22,24.8,8.4,33,359,1.3,1.2,"G","Plja",5,7.99,297.61,62.17,2316.13,"188.17","7010.22",61.34,2285.43,"fungi.Grass.PLJA.5","transitions","Grass","PLJA",5,"G.Plja"
"180","fungi.Grass.PLJA.5","Saprotroph",187.117385914688,"Grass_PLJA_5",37,53.2,22,24.8,8.4,33,359,1.3,1.2,"G","Plja",5,7.99,297.61,62.17,2316.13,"188.17","7010.22",61.34,2285.43,"fungi.Grass.PLJA.5","transitions","Grass","PLJA",5,"G.Plja"
"181","fungi.Grass.PLJA.6","Arbuscular Mycorrhizal",56.8672784449306,"Grass_PLJA_6",38,53.2,24,22.8,8.3,30,346,1.3,3.2,"G","Plja",6,7.64,247.12,53.08,1717.2,"96.03","3106.83",60.62,1961.17,"fungi.Grass.PLJA.6","transitions","Grass","PLJA",6,"G.Plja"
"182","fungi.Grass.PLJA.6","Endophyte",21.2114881091193,"Grass_PLJA_6",38,53.2,24,22.8,8.3,30,346,1.3,3.2,"G","Plja",6,7.64,247.12,53.08,1717.2,"96.03","3106.83",60.62,1961.17,"fungi.Grass.PLJA.6","transitions","Grass","PLJA",6,"G.Plja"
"183","fungi.Grass.PLJA.6","Plant Pathogen",31.0435209056095,"Grass_PLJA_6",38,53.2,24,22.8,8.3,30,346,1.3,3.2,"G","Plja",6,7.64,247.12,53.08,1717.2,"96.03","3106.83",60.62,1961.17,"fungi.Grass.PLJA.6","transitions","Grass","PLJA",6,"G.Plja"
"184","fungi.Grass.PLJA.6","Saprotroph",112.559731949434,"Grass_PLJA_6",38,53.2,24,22.8,8.3,30,346,1.3,3.2,"G","Plja",6,7.64,247.12,53.08,1717.2,"96.03","3106.83",60.62,1961.17,"fungi.Grass.PLJA.6","transitions","Grass","PLJA",6,"G.Plja"
"185","fungi.Grass.PLJA.7","Arbuscular Mycorrhizal",145.844224952655,"Grass_PLJA_7",39,55.2,20,24.8,8.5,21,289,1,2.1,"G","Plja",7,8.14,489.45,35.83,2154.27,"88.2","5302.99",44.57,2679.47,"fungi.Grass.PLJA.7","transitions","Grass","PLJA",7,"G.Plja"
"186","fungi.Grass.PLJA.7","Endophyte",16.4287705730163,"Grass_PLJA_7",39,55.2,20,24.8,8.5,21,289,1,2.1,"G","Plja",7,8.14,489.45,35.83,2154.27,"88.2","5302.99",44.57,2679.47,"fungi.Grass.PLJA.7","transitions","Grass","PLJA",7,"G.Plja"
"187","fungi.Grass.PLJA.7","Plant Pathogen",37.9309354606482,"Grass_PLJA_7",39,55.2,20,24.8,8.5,21,289,1,2.1,"G","Plja",7,8.14,489.45,35.83,2154.27,"88.2","5302.99",44.57,2679.47,"fungi.Grass.PLJA.7","transitions","Grass","PLJA",7,"G.Plja"
"188","fungi.Grass.PLJA.7","Saprotroph",149.185661085153,"Grass_PLJA_7",39,55.2,20,24.8,8.5,21,289,1,2.1,"G","Plja",7,8.14,489.45,35.83,2154.27,"88.2","5302.99",44.57,2679.47,"fungi.Grass.PLJA.7","transitions","Grass","PLJA",7,"G.Plja"
"189","fungi.Grass.PLJA.8","Arbuscular Mycorrhizal",121.06264190048,"Grass_PLJA_8",40,55.2,22,22.8,8.4,22,339,1.3,1.3,"G","Plja",8,4.23,166.53,39.08,1538.19,".",".",29.95,1178.68,"fungi.Grass.PLJA.8","transitions","Grass","PLJA",8,"G.Plja"
"190","fungi.Grass.PLJA.8","Endophyte",16.1668098076658,"Grass_PLJA_8",40,55.2,22,22.8,8.4,22,339,1.3,1.3,"G","Plja",8,4.23,166.53,39.08,1538.19,".",".",29.95,1178.68,"fungi.Grass.PLJA.8","transitions","Grass","PLJA",8,"G.Plja"
"191","fungi.Grass.PLJA.8","Plant Pathogen",17.8480193380561,"Grass_PLJA_8",40,55.2,22,22.8,8.4,22,339,1.3,1.3,"G","Plja",8,4.23,166.53,39.08,1538.19,".",".",29.95,1178.68,"fungi.Grass.PLJA.8","transitions","Grass","PLJA",8,"G.Plja"
"192","fungi.Grass.PLJA.8","Saprotroph",116.370145563174,"Grass_PLJA_8",40,55.2,22,22.8,8.4,22,339,1.3,1.3,"G","Plja",8,4.23,166.53,39.08,1538.19,".",".",29.95,1178.68,"fungi.Grass.PLJA.8","transitions","Grass","PLJA",8,"G.Plja"
"193","fungi.Shrub.LATR.1","Arbuscular Mycorrhizal",84.756234532822,"Shrub_LATR_1",81,59.6,22,18.4,8.5,0,211,1,1.7,"S","Latr",1,13.85,559.11,160.74,6489.03,"190.65","7696.34",73.28,2958.12,"fungi.Shrub.LATR.1","transitions","Shrub","LATR",1,"S.Latr"
"194","fungi.Shrub.LATR.1","Endophyte",23.1065216867748,"Shrub_LATR_1",81,59.6,22,18.4,8.5,0,211,1,1.7,"S","Latr",1,13.85,559.11,160.74,6489.03,"190.65","7696.34",73.28,2958.12,"fungi.Shrub.LATR.1","transitions","Shrub","LATR",1,"S.Latr"
"195","fungi.Shrub.LATR.1","Plant Pathogen",51.12661166948,"Shrub_LATR_1",81,59.6,22,18.4,8.5,0,211,1,1.7,"S","Latr",1,13.85,559.11,160.74,6489.03,"190.65","7696.34",73.28,2958.12,"fungi.Shrub.LATR.1","transitions","Shrub","LATR",1,"S.Latr"
"196","fungi.Shrub.LATR.1","Saprotroph",154.115805717517,"Shrub_LATR_1",81,59.6,22,18.4,8.5,0,211,1,1.7,"S","Latr",1,13.85,559.11,160.74,6489.03,"190.65","7696.34",73.28,2958.12,"fungi.Shrub.LATR.1","transitions","Shrub","LATR",1,"S.Latr"
"197","fungi.Shrub.LATR.2","Arbuscular Mycorrhizal",83.7056908215874,"Shrub_LATR_2",82,55.6,22,22.4,8.5,0,196,0.9,1.2,"S","Latr",2,3.48,158.05,34.77,1579.55,"265.78","12072.4",30.56,1388.09,"fungi.Shrub.LATR.2","transitions","Shrub","LATR",2,"S.Latr"
"198","fungi.Shrub.LATR.2","Endophyte",14.9041039832664,"Shrub_LATR_2",82,55.6,22,22.4,8.5,0,196,0.9,1.2,"S","Latr",2,3.48,158.05,34.77,1579.55,"265.78","12072.4",30.56,1388.09,"fungi.Shrub.LATR.2","transitions","Shrub","LATR",2,"S.Latr"
"199","fungi.Shrub.LATR.2","Plant Pathogen",56.4875543233143,"Shrub_LATR_2",82,55.6,22,22.4,8.5,0,196,0.9,1.2,"S","Latr",2,3.48,158.05,34.77,1579.55,"265.78","12072.4",30.56,1388.09,"fungi.Shrub.LATR.2","transitions","Shrub","LATR",2,"S.Latr"
"200","fungi.Shrub.LATR.2","Saprotroph",212.451668887309,"Shrub_LATR_2",82,55.6,22,22.4,8.5,0,196,0.9,1.2,"S","Latr",2,3.48,158.05,34.77,1579.55,"265.78","12072.4",30.56,1388.09,"fungi.Shrub.LATR.2","transitions","Shrub","LATR",2,"S.Latr"
"201","fungi.Shrub.LATR.3","Arbuscular Mycorrhizal",50.6199752920407,"Shrub_LATR_3",83,47.6,30,22.4,8.3,0,184,1.4,3.4,"S","Latr",3,4.24,111.96,150.04,3958.15,"259.66","6849.97",39.95,1053.79,"fungi.Shrub.LATR.3","transitions","Shrub","LATR",3,"S.Latr"
"202","fungi.Shrub.LATR.3","Endophyte",28.3701312200089,"Shrub_LATR_3",83,47.6,30,22.4,8.3,0,184,1.4,3.4,"S","Latr",3,4.24,111.96,150.04,3958.15,"259.66","6849.97",39.95,1053.79,"fungi.Shrub.LATR.3","transitions","Shrub","LATR",3,"S.Latr"
"203","fungi.Shrub.LATR.3","Plant Pathogen",64.0416461202802,"Shrub_LATR_3",83,47.6,30,22.4,8.3,0,184,1.4,3.4,"S","Latr",3,4.24,111.96,150.04,3958.15,"259.66","6849.97",39.95,1053.79,"fungi.Shrub.LATR.3","transitions","Shrub","LATR",3,"S.Latr"
"204","fungi.Shrub.LATR.3","Saprotroph",159.74003723036,"Shrub_LATR_3",83,47.6,30,22.4,8.3,0,184,1.4,3.4,"S","Latr",3,4.24,111.96,150.04,3958.15,"259.66","6849.97",39.95,1053.79,"fungi.Shrub.LATR.3","transitions","Shrub","LATR",3,"S.Latr"
"205","fungi.Shrub.LATR.4","Arbuscular Mycorrhizal",55.0477537897049,"Shrub_LATR_4",84,49.6,28,22.4,8.5,0,234,1.1,2.2,"S","Latr",4,2.3,122.96,103.79,5560.73,"219.55","11762.82",30.34,1625.34,"fungi.Shrub.LATR.4","transitions","Shrub","LATR",4,"S.Latr"
"206","fungi.Shrub.LATR.4","Endophyte",26.2855092241354,"Shrub_LATR_4",84,49.6,28,22.4,8.5,0,234,1.1,2.2,"S","Latr",4,2.3,122.96,103.79,5560.73,"219.55","11762.82",30.34,1625.34,"fungi.Shrub.LATR.4","transitions","Shrub","LATR",4,"S.Latr"
"207","fungi.Shrub.LATR.4","Plant Pathogen",52.2576147084185,"Shrub_LATR_4",84,49.6,28,22.4,8.5,0,234,1.1,2.2,"S","Latr",4,2.3,122.96,103.79,5560.73,"219.55","11762.82",30.34,1625.34,"fungi.Shrub.LATR.4","transitions","Shrub","LATR",4,"S.Latr"
"208","fungi.Shrub.LATR.4","Saprotroph",187.088008996002,"Shrub_LATR_4",84,49.6,28,22.4,8.5,0,234,1.1,2.2,"S","Latr",4,2.3,122.96,103.79,5560.73,"219.55","11762.82",30.34,1625.34,"fungi.Shrub.LATR.4","transitions","Shrub","LATR",4,"S.Latr"
"209","fungi.Shrub.LATR.5","Arbuscular Mycorrhizal",61.3961831379914,"Shrub_LATR_5",85,57.6,24,18.4,8.5,0,181,1,3,"S","Latr",5,2,105.78,38.81,2056.85,"170.92","9058.48",21.54,1141.81,"fungi.Shrub.LATR.5","transitions","Shrub","LATR",5,"S.Latr"
"210","fungi.Shrub.LATR.5","Endophyte",29.7646198337132,"Shrub_LATR_5",85,57.6,24,18.4,8.5,0,181,1,3,"S","Latr",5,2,105.78,38.81,2056.85,"170.92","9058.48",21.54,1141.81,"fungi.Shrub.LATR.5","transitions","Shrub","LATR",5,"S.Latr"
"211","fungi.Shrub.LATR.5","Plant Pathogen",50.4835213890191,"Shrub_LATR_5",85,57.6,24,18.4,8.5,0,181,1,3,"S","Latr",5,2,105.78,38.81,2056.85,"170.92","9058.48",21.54,1141.81,"fungi.Shrub.LATR.5","transitions","Shrub","LATR",5,"S.Latr"
"212","fungi.Shrub.LATR.5","Saprotroph",251.038302157757,"Shrub_LATR_5",85,57.6,24,18.4,8.5,0,181,1,3,"S","Latr",5,2,105.78,38.81,2056.85,"170.92","9058.48",21.54,1141.81,"fungi.Shrub.LATR.5","transitions","Shrub","LATR",5,"S.Latr"
"213","fungi.Shrub.LATR.6","Arbuscular Mycorrhizal",33.021976207338,"Shrub_LATR_6",86,57.6,24,18.4,8.5,0,217,1,2.3,"S","Latr",6,2.77,148.53,34.44,1844.29,"137.94","7386.27",42.49,2275.21,"fungi.Shrub.LATR.6","transitions","Shrub","LATR",6,"S.Latr"
"214","fungi.Shrub.LATR.6","Endophyte",10.9209679802256,"Shrub_LATR_6",86,57.6,24,18.4,8.5,0,217,1,2.3,"S","Latr",6,2.77,148.53,34.44,1844.29,"137.94","7386.27",42.49,2275.21,"fungi.Shrub.LATR.6","transitions","Shrub","LATR",6,"S.Latr"
"215","fungi.Shrub.LATR.6","Plant Pathogen",71.7481456966814,"Shrub_LATR_6",86,57.6,24,18.4,8.5,0,217,1,2.3,"S","Latr",6,2.77,148.53,34.44,1844.29,"137.94","7386.27",42.49,2275.21,"fungi.Shrub.LATR.6","transitions","Shrub","LATR",6,"S.Latr"
"216","fungi.Shrub.LATR.6","Saprotroph",155.100580508097,"Shrub_LATR_6",86,57.6,24,18.4,8.5,0,217,1,2.3,"S","Latr",6,2.77,148.53,34.44,1844.29,"137.94","7386.27",42.49,2275.21,"fungi.Shrub.LATR.6","transitions","Shrub","LATR",6,"S.Latr"
"217","fungi.Shrub.LATR.7","Arbuscular Mycorrhizal",21.2403820178557,"Shrub_LATR_7",87,55.6,22,22.4,8.5,1,268,1.1,2.3,"S","Latr",7,7.68,328.82,84.02,3595.69,"276.26","11822.35",94.85,4059.2,"fungi.Shrub.LATR.7","transitions","Shrub","LATR",7,"S.Latr"
"218","fungi.Shrub.LATR.7","Endophyte",14.6485589991524,"Shrub_LATR_7",87,55.6,22,22.4,8.5,1,268,1.1,2.3,"S","Latr",7,7.68,328.82,84.02,3595.69,"276.26","11822.35",94.85,4059.2,"fungi.Shrub.LATR.7","transitions","Shrub","LATR",7,"S.Latr"
"219","fungi.Shrub.LATR.7","Plant Pathogen",38.8059028875512,"Shrub_LATR_7",87,55.6,22,22.4,8.5,1,268,1.1,2.3,"S","Latr",7,7.68,328.82,84.02,3595.69,"276.26","11822.35",94.85,4059.2,"fungi.Shrub.LATR.7","transitions","Shrub","LATR",7,"S.Latr"
"220","fungi.Shrub.LATR.7","Saprotroph",141.672178272026,"Shrub_LATR_7",87,55.6,22,22.4,8.5,1,268,1.1,2.3,"S","Latr",7,7.68,328.82,84.02,3595.69,"276.26","11822.35",94.85,4059.2,"fungi.Shrub.LATR.7","transitions","Shrub","LATR",7,"S.Latr"
"221","fungi.Shrub.LATR.8","Arbuscular Mycorrhizal",18.6970316581311,"Shrub_LATR_8",88,55.6,26,18.4,8.2,2,254,1.7,6.5,"S","Latr",8,11.32,418.66,84.24,3114.39,"251.21","9287.57",99.52,3679.26,"fungi.Shrub.LATR.8","transitions","Shrub","LATR",8,"S.Latr"
"222","fungi.Shrub.LATR.8","Endophyte",27.5129818066265,"Shrub_LATR_8",88,55.6,26,18.4,8.2,2,254,1.7,6.5,"S","Latr",8,11.32,418.66,84.24,3114.39,"251.21","9287.57",99.52,3679.26,"fungi.Shrub.LATR.8","transitions","Shrub","LATR",8,"S.Latr"
"223","fungi.Shrub.LATR.8","Plant Pathogen",153.411239498877,"Shrub_LATR_8",88,55.6,26,18.4,8.2,2,254,1.7,6.5,"S","Latr",8,11.32,418.66,84.24,3114.39,"251.21","9287.57",99.52,3679.26,"fungi.Shrub.LATR.8","transitions","Shrub","LATR",8,"S.Latr"
"224","fungi.Shrub.LATR.8","Saprotroph",388.369830300124,"Shrub_LATR_8",88,55.6,26,18.4,8.2,2,254,1.7,6.5,"S","Latr",8,11.32,418.66,84.24,3114.39,"251.21","9287.57",99.52,3679.26,"fungi.Shrub.LATR.8","transitions","Shrub","LATR",8,"S.Latr"
