"","variable","Trophic.Mode","value","site","SoilProcessID","SAND","SILT","CLAY","pH","P_ppm","K_ppm","OM_percent","NO3_N_ppm","Site","Species","Replicate","NAG_soil","NAG_OM","AlkP_soil","AlkP_OM","AAP_soil","AAP_OM","BG_soil","BG_OM","sampleID","project","Location","Spp","Rep","site_spp","transect_grp"
"1","fungi.Ecotone.BOER.1","Pathotroph",97.1343350189018,"Ecotone_BOER_1",65,57.2,22,20.8,8.5,0,171,0.9,1,"E","Boer",1,3,157,50.6,2649.97,"257","13460.3",24.68,1292.6,"fungi.Ecotone.BOER.1","transitions","Ecotone","BOER",1,"E.Boer","Ecotone.1"
"2","fungi.Ecotone.BOER.1","Saprotroph",168.474880170483,"Ecotone_BOER_1",65,57.2,22,20.8,8.5,0,171,0.9,1,"E","Boer",1,3,157,50.6,2649.97,"257","13460.3",24.68,1292.6,"fungi.Ecotone.BOER.1","transitions","Ecotone","BOER",1,"E.Boer","Ecotone.1"
"3","fungi.Ecotone.BOER.1","Symbiotroph",135.05892873816,"Ecotone_BOER_1",65,57.2,22,20.8,8.5,0,171,0.9,1,"E","Boer",1,3,157,50.6,2649.97,"257","13460.3",24.68,1292.6,"fungi.Ecotone.BOER.1","transitions","Ecotone","BOER",1,"E.Boer","Ecotone.1"
"4","fungi.Ecotone.BOER.2","Pathotroph",122.905800703811,"Ecotone_BOER_2",66,61.2,22,16.8,8.5,0,196,0.8,1.5,"E","Boer",2,1.76,99.58,37.05,2099.76,"190.2","10777.96",38.61,2187.88,"fungi.Ecotone.BOER.2","transitions","Ecotone","BOER",2,"E.Boer","Ecotone.2"
"5","fungi.Ecotone.BOER.2","Saprotroph",449.784489472371,"Ecotone_BOER_2",66,61.2,22,16.8,8.5,0,196,0.8,1.5,"E","Boer",2,1.76,99.58,37.05,2099.76,"190.2","10777.96",38.61,2187.88,"fungi.Ecotone.BOER.2","transitions","Ecotone","BOER",2,"E.Boer","Ecotone.2"
"6","fungi.Ecotone.BOER.2","Symbiotroph",469.893794960947,"Ecotone_BOER_2",66,61.2,22,16.8,8.5,0,196,0.8,1.5,"E","Boer",2,1.76,99.58,37.05,2099.76,"190.2","10777.96",38.61,2187.88,"fungi.Ecotone.BOER.2","transitions","Ecotone","BOER",2,"E.Boer","Ecotone.2"
"7","fungi.Ecotone.BOER.3","Pathotroph",79.0398747899107,"Ecotone_BOER_3",67,59.2,20,20.8,8.4,4,178,0.9,2.5,"E","Boer",3,3.45,206.7,38.47,2302.79,"150.89","9032.87",42.75,2559.47,"fungi.Ecotone.BOER.3","transitions","Ecotone","BOER",3,"E.Boer","Ecotone.3"
"8","fungi.Ecotone.BOER.3","Saprotroph",232.718778817709,"Ecotone_BOER_3",67,59.2,20,20.8,8.4,4,178,0.9,2.5,"E","Boer",3,3.45,206.7,38.47,2302.79,"150.89","9032.87",42.75,2559.47,"fungi.Ecotone.BOER.3","transitions","Ecotone","BOER",3,"E.Boer","Ecotone.3"
"9","fungi.Ecotone.BOER.3","Symbiotroph",161.063787835135,"Ecotone_BOER_3",67,59.2,20,20.8,8.4,4,178,0.9,2.5,"E","Boer",3,3.45,206.7,38.47,2302.79,"150.89","9032.87",42.75,2559.47,"fungi.Ecotone.BOER.3","transitions","Ecotone","BOER",3,"E.Boer","Ecotone.3"
"10","fungi.Ecotone.BOER.4","Pathotroph",114.306253132392,"Ecotone_BOER_4",68,57.2,22,20.8,8.5,0,176,0.9,1.1,"E","Boer",4,1.97,90.13,32.53,1486.95,"239.21","10935.29",14.47,661.59,"fungi.Ecotone.BOER.4","transitions","Ecotone","BOER",4,"E.Boer","Ecotone.4"
"11","fungi.Ecotone.BOER.4","Saprotroph",209.22416972657,"Ecotone_BOER_4",68,57.2,22,20.8,8.5,0,176,0.9,1.1,"E","Boer",4,1.97,90.13,32.53,1486.95,"239.21","10935.29",14.47,661.59,"fungi.Ecotone.BOER.4","transitions","Ecotone","BOER",4,"E.Boer","Ecotone.4"
"12","fungi.Ecotone.BOER.4","Symbiotroph",238.289367854048,"Ecotone_BOER_4",68,57.2,22,20.8,8.5,0,176,0.9,1.1,"E","Boer",4,1.97,90.13,32.53,1486.95,"239.21","10935.29",14.47,661.59,"fungi.Ecotone.BOER.4","transitions","Ecotone","BOER",4,"E.Boer","Ecotone.4"
"13","fungi.Ecotone.BOER.5","Pathotroph",85.908151186395,"Ecotone_BOER_5",69,63.2,20,16.8,8.4,0,167,0.8,1.2,"E","Boer",5,7.44,408.56,61.17,3359.34,"140.05","7691.63",79.78,4381.76,"fungi.Ecotone.BOER.5","transitions","Ecotone","BOER",5,"E.Boer","Ecotone.5"
"14","fungi.Ecotone.BOER.5","Saprotroph",187.052474504126,"Ecotone_BOER_5",69,63.2,20,16.8,8.4,0,167,0.8,1.2,"E","Boer",5,7.44,408.56,61.17,3359.34,"140.05","7691.63",79.78,4381.76,"fungi.Ecotone.BOER.5","transitions","Ecotone","BOER",5,"E.Boer","Ecotone.5"
"15","fungi.Ecotone.BOER.5","Symbiotroph",221.305853790941,"Ecotone_BOER_5",69,63.2,20,16.8,8.4,0,167,0.8,1.2,"E","Boer",5,7.44,408.56,61.17,3359.34,"140.05","7691.63",79.78,4381.76,"fungi.Ecotone.BOER.5","transitions","Ecotone","BOER",5,"E.Boer","Ecotone.5"
"16","fungi.Ecotone.BOER.6","Pathotroph",128.996292517419,"Ecotone_BOER_6",70,67.2,18,14.8,8.5,1,144,0.8,1.1,"E","Boer",6,3.57,249.49,38.32,2674.93,"91.05","6355.4",45.46,3173.16,"fungi.Ecotone.BOER.6","transitions","Ecotone","BOER",6,"E.Boer","Ecotone.6"
"17","fungi.Ecotone.BOER.6","Saprotroph",236.869642542323,"Ecotone_BOER_6",70,67.2,18,14.8,8.5,1,144,0.8,1.1,"E","Boer",6,3.57,249.49,38.32,2674.93,"91.05","6355.4",45.46,3173.16,"fungi.Ecotone.BOER.6","transitions","Ecotone","BOER",6,"E.Boer","Ecotone.6"
"18","fungi.Ecotone.BOER.6","Symbiotroph",314.197652806953,"Ecotone_BOER_6",70,67.2,18,14.8,8.5,1,144,0.8,1.1,"E","Boer",6,3.57,249.49,38.32,2674.93,"91.05","6355.4",45.46,3173.16,"fungi.Ecotone.BOER.6","transitions","Ecotone","BOER",6,"E.Boer","Ecotone.6"
"19","fungi.Ecotone.BOER.7","Pathotroph",171.529906030107,"Ecotone_BOER_7",71,59.2,20,20.8,8.5,0,184,1,1.4,"E","Boer",7,6.86,353.72,52.46,2704.61,"200.06","10315.07",49.5,2551.98,"fungi.Ecotone.BOER.7","transitions","Ecotone","BOER",7,"E.Boer","Ecotone.7"
"20","fungi.Ecotone.BOER.7","Saprotroph",348.996134964772,"Ecotone_BOER_7",71,59.2,20,20.8,8.5,0,184,1,1.4,"E","Boer",7,6.86,353.72,52.46,2704.61,"200.06","10315.07",49.5,2551.98,"fungi.Ecotone.BOER.7","transitions","Ecotone","BOER",7,"E.Boer","Ecotone.7"
"21","fungi.Ecotone.BOER.7","Symbiotroph",223.653300508875,"Ecotone_BOER_7",71,59.2,20,20.8,8.5,0,184,1,1.4,"E","Boer",7,6.86,353.72,52.46,2704.61,"200.06","10315.07",49.5,2551.98,"fungi.Ecotone.BOER.7","transitions","Ecotone","BOER",7,"E.Boer","Ecotone.7"
"22","fungi.Ecotone.BOER.8","Pathotroph",113.761004586279,"Ecotone_BOER_8",72,57.6,19.2,23.2,8.5,0,191,0.8,1.1,"E","Boer",8,2.39,127.67,29.14,1559.38,"215.34","11523.25",21.56,1153.93,"fungi.Ecotone.BOER.8","transitions","Ecotone","BOER",8,"E.Boer","Ecotone.8"
"23","fungi.Ecotone.BOER.8","Saprotroph",232.273141694357,"Ecotone_BOER_8",72,57.6,19.2,23.2,8.5,0,191,0.8,1.1,"E","Boer",8,2.39,127.67,29.14,1559.38,"215.34","11523.25",21.56,1153.93,"fungi.Ecotone.BOER.8","transitions","Ecotone","BOER",8,"E.Boer","Ecotone.8"
"24","fungi.Ecotone.BOER.8","Symbiotroph",190.967276451835,"Ecotone_BOER_8",72,57.6,19.2,23.2,8.5,0,191,0.8,1.1,"E","Boer",8,2.39,127.67,29.14,1559.38,"215.34","11523.25",21.56,1153.93,"fungi.Ecotone.BOER.8","transitions","Ecotone","BOER",8,"E.Boer","Ecotone.8"
"25","fungi.Ecotone.LATR.1","Pathotroph",131.977611096777,"Ecotone_LATR_1",73,61.6,23.2,15.2,8.5,1,191,0.7,1.4,"E","Latr",1,3.76,194.75,59.14,3064.45,"183.84","9525.28",45.22,2342.88,"fungi.Ecotone.LATR.1","transitions","Ecotone","LATR",1,"E.Latr","Ecotone.1"
"26","fungi.Ecotone.LATR.1","Saprotroph",319.500909989085,"Ecotone_LATR_1",73,61.6,23.2,15.2,8.5,1,191,0.7,1.4,"E","Latr",1,3.76,194.75,59.14,3064.45,"183.84","9525.28",45.22,2342.88,"fungi.Ecotone.LATR.1","transitions","Ecotone","LATR",1,"E.Latr","Ecotone.1"
"27","fungi.Ecotone.LATR.1","Symbiotroph",295.667929253346,"Ecotone_LATR_1",73,61.6,23.2,15.2,8.5,1,191,0.7,1.4,"E","Latr",1,3.76,194.75,59.14,3064.45,"183.84","9525.28",45.22,2342.88,"fungi.Ecotone.LATR.1","transitions","Ecotone","LATR",1,"E.Latr","Ecotone.1"
"28","fungi.Ecotone.LATR.2","Pathotroph",76.3108741791013,"Ecotone_LATR_2",74,67.6,19.2,13.2,8.3,0,199,1,2.1,"E","Latr",2,3.52,170.08,34.99,1692.05,"110.85","5360.3",35.03,1693.75,"fungi.Ecotone.LATR.2","transitions","Ecotone","LATR",2,"E.Latr","Ecotone.2"
"29","fungi.Ecotone.LATR.2","Saprotroph",312.839193844032,"Ecotone_LATR_2",74,67.6,19.2,13.2,8.3,0,199,1,2.1,"E","Latr",2,3.52,170.08,34.99,1692.05,"110.85","5360.3",35.03,1693.75,"fungi.Ecotone.LATR.2","transitions","Ecotone","LATR",2,"E.Latr","Ecotone.2"
"30","fungi.Ecotone.LATR.2","Symbiotroph",192.30085926892,"Ecotone_LATR_2",74,67.6,19.2,13.2,8.3,0,199,1,2.1,"E","Latr",2,3.52,170.08,34.99,1692.05,"110.85","5360.3",35.03,1693.75,"fungi.Ecotone.LATR.2","transitions","Ecotone","LATR",2,"E.Latr","Ecotone.2"
"31","fungi.Ecotone.LATR.3","Pathotroph",83.0984609484754,"Ecotone_LATR_3",75,69.6,19.2,11.2,8.3,21,339,1.2,1.9,"E","Latr",3,5.08,221.97,69.35,3029.41,"89.78","3921.88",71.82,3137.35,"fungi.Ecotone.LATR.3","transitions","Ecotone","LATR",3,"E.Latr","Ecotone.3"
"32","fungi.Ecotone.LATR.3","Saprotroph",208.953156691007,"Ecotone_LATR_3",75,69.6,19.2,11.2,8.3,21,339,1.2,1.9,"E","Latr",3,5.08,221.97,69.35,3029.41,"89.78","3921.88",71.82,3137.35,"fungi.Ecotone.LATR.3","transitions","Ecotone","LATR",3,"E.Latr","Ecotone.3"
"33","fungi.Ecotone.LATR.3","Symbiotroph",120.102694645909,"Ecotone_LATR_3",75,69.6,19.2,11.2,8.3,21,339,1.2,1.9,"E","Latr",3,5.08,221.97,69.35,3029.41,"89.78","3921.88",71.82,3137.35,"fungi.Ecotone.LATR.3","transitions","Ecotone","LATR",3,"E.Latr","Ecotone.3"
"34","fungi.Ecotone.LATR.4","Pathotroph",126.088046388485,"Ecotone_LATR_4",76,65.6,17.2,17.2,8.5,0,235,0.7,2,"E","Latr",4,3.02,187.93,71.17,4424.06,"194.76","12107.4",40.69,2529.4,"fungi.Ecotone.LATR.4","transitions","Ecotone","LATR",4,"E.Latr","Ecotone.4"
"35","fungi.Ecotone.LATR.4","Saprotroph",325.583352109705,"Ecotone_LATR_4",76,65.6,17.2,17.2,8.5,0,235,0.7,2,"E","Latr",4,3.02,187.93,71.17,4424.06,"194.76","12107.4",40.69,2529.4,"fungi.Ecotone.LATR.4","transitions","Ecotone","LATR",4,"E.Latr","Ecotone.4"
"36","fungi.Ecotone.LATR.4","Symbiotroph",215.066468666976,"Ecotone_LATR_4",76,65.6,17.2,17.2,8.5,0,235,0.7,2,"E","Latr",4,3.02,187.93,71.17,4424.06,"194.76","12107.4",40.69,2529.4,"fungi.Ecotone.LATR.4","transitions","Ecotone","LATR",4,"E.Latr","Ecotone.4"
"37","fungi.Ecotone.LATR.5","Pathotroph",90.3032153493258,"Ecotone_LATR_5",77,55.6,20,24.4,8.4,0,217,1,0.8,"E","Latr",5,1.72,102.5,31.62,1887.3,"192.79","11508.77",20.47,1222.06,"fungi.Ecotone.LATR.5","transitions","Ecotone","LATR",5,"E.Latr","Ecotone.5"
"38","fungi.Ecotone.LATR.5","Saprotroph",279.150529521537,"Ecotone_LATR_5",77,55.6,20,24.4,8.4,0,217,1,0.8,"E","Latr",5,1.72,102.5,31.62,1887.3,"192.79","11508.77",20.47,1222.06,"fungi.Ecotone.LATR.5","transitions","Ecotone","LATR",5,"E.Latr","Ecotone.5"
"39","fungi.Ecotone.LATR.5","Symbiotroph",121.201728226753,"Ecotone_LATR_5",77,55.6,20,24.4,8.4,0,217,1,0.8,"E","Latr",5,1.72,102.5,31.62,1887.3,"192.79","11508.77",20.47,1222.06,"fungi.Ecotone.LATR.5","transitions","Ecotone","LATR",5,"E.Latr","Ecotone.5"
"40","fungi.Ecotone.LATR.6","Pathotroph",129.863874946194,"Ecotone_LATR_6",78,59.6,20,20.4,8.4,0,223,0.8,0.9,"E","Latr",6,2.18,112.94,41.44,2151.36,"181.86","9440.49",34.46,1788.72,"fungi.Ecotone.LATR.6","transitions","Ecotone","LATR",6,"E.Latr","Ecotone.6"
"41","fungi.Ecotone.LATR.6","Saprotroph",249.445496425301,"Ecotone_LATR_6",78,59.6,20,20.4,8.4,0,223,0.8,0.9,"E","Latr",6,2.18,112.94,41.44,2151.36,"181.86","9440.49",34.46,1788.72,"fungi.Ecotone.LATR.6","transitions","Ecotone","LATR",6,"E.Latr","Ecotone.6"
"42","fungi.Ecotone.LATR.6","Symbiotroph",121.340021590708,"Ecotone_LATR_6",78,59.6,20,20.4,8.4,0,223,0.8,0.9,"E","Latr",6,2.18,112.94,41.44,2151.36,"181.86","9440.49",34.46,1788.72,"fungi.Ecotone.LATR.6","transitions","Ecotone","LATR",6,"E.Latr","Ecotone.6"
"43","fungi.Ecotone.LATR.7","Pathotroph",161.361413959184,"Ecotone_LATR_7",79,67.6,18,14.4,8.3,18,232,1,2.4,"E","Latr",7,5.25,316.22,65.55,3948.67,"62.24","3749.33",72.27,4353.8,"fungi.Ecotone.LATR.7","transitions","Ecotone","LATR",7,"E.Latr","Ecotone.7"
"44","fungi.Ecotone.LATR.7","Saprotroph",564.386599264972,"Ecotone_LATR_7",79,67.6,18,14.4,8.3,18,232,1,2.4,"E","Latr",7,5.25,316.22,65.55,3948.67,"62.24","3749.33",72.27,4353.8,"fungi.Ecotone.LATR.7","transitions","Ecotone","LATR",7,"E.Latr","Ecotone.7"
"45","fungi.Ecotone.LATR.7","Symbiotroph",305.351113220965,"Ecotone_LATR_7",79,67.6,18,14.4,8.3,18,232,1,2.4,"E","Latr",7,5.25,316.22,65.55,3948.67,"62.24","3749.33",72.27,4353.8,"fungi.Ecotone.LATR.7","transitions","Ecotone","LATR",7,"E.Latr","Ecotone.7"
"46","fungi.Ecotone.LATR.8","Pathotroph",64.0693883646128,"Ecotone_LATR_8",80,59.6,18,22.4,8.5,0,232,0.8,1.4,"E","Latr",8,3.07,197.11,23.22,1491.94,"144.69","9298.34",21.24,1365.2,"fungi.Ecotone.LATR.8","transitions","Ecotone","LATR",8,"E.Latr","Ecotone.8"
"47","fungi.Ecotone.LATR.8","Saprotroph",147.20321142483,"Ecotone_LATR_8",80,59.6,18,22.4,8.5,0,232,0.8,1.4,"E","Latr",8,3.07,197.11,23.22,1491.94,"144.69","9298.34",21.24,1365.2,"fungi.Ecotone.LATR.8","transitions","Ecotone","LATR",8,"E.Latr","Ecotone.8"
"48","fungi.Ecotone.LATR.8","Symbiotroph",143.051821826785,"Ecotone_LATR_8",80,59.6,18,22.4,8.5,0,232,0.8,1.4,"E","Latr",8,3.07,197.11,23.22,1491.94,"144.69","9298.34",21.24,1365.2,"fungi.Ecotone.LATR.8","transitions","Ecotone","LATR",8,"E.Latr","Ecotone.8"
"49","fungi.Ecotone.PLJA.1","Pathotroph",81.6548681847659,"Ecotone_PLJA_1",57,52.8,26,21.2,8.5,7,186,1,1.3,"E","Plja",1,3.58,204.55,37.08,2119.37,"252.38","14424.73",26.16,1495.16,"fungi.Ecotone.PLJA.1","transitions","Ecotone","PLJA",1,"E.Plja","Ecotone.1"
"50","fungi.Ecotone.PLJA.1","Saprotroph",225.018075127621,"Ecotone_PLJA_1",57,52.8,26,21.2,8.5,7,186,1,1.3,"E","Plja",1,3.58,204.55,37.08,2119.37,"252.38","14424.73",26.16,1495.16,"fungi.Ecotone.PLJA.1","transitions","Ecotone","PLJA",1,"E.Plja","Ecotone.1"
"51","fungi.Ecotone.PLJA.1","Symbiotroph",128.617151564498,"Ecotone_PLJA_1",57,52.8,26,21.2,8.5,7,186,1,1.3,"E","Plja",1,3.58,204.55,37.08,2119.37,"252.38","14424.73",26.16,1495.16,"fungi.Ecotone.PLJA.1","transitions","Ecotone","PLJA",1,"E.Plja","Ecotone.1"
"52","fungi.Ecotone.PLJA.2","Pathotroph",86.0307740471521,"Ecotone_PLJA_2",58,58.8,24,17.2,8.6,0,217,0.7,1,"E","Plja",2,1.08,70.39,21.4,1393.17,"166.28","10826.29",16.85,1096.86,"fungi.Ecotone.PLJA.2","transitions","Ecotone","PLJA",2,"E.Plja","Ecotone.2"
"53","fungi.Ecotone.PLJA.2","Saprotroph",176.269217038216,"Ecotone_PLJA_2",58,58.8,24,17.2,8.6,0,217,0.7,1,"E","Plja",2,1.08,70.39,21.4,1393.17,"166.28","10826.29",16.85,1096.86,"fungi.Ecotone.PLJA.2","transitions","Ecotone","PLJA",2,"E.Plja","Ecotone.2"
"54","fungi.Ecotone.PLJA.2","Symbiotroph",190.014794912866,"Ecotone_PLJA_2",58,58.8,24,17.2,8.6,0,217,0.7,1,"E","Plja",2,1.08,70.39,21.4,1393.17,"166.28","10826.29",16.85,1096.86,"fungi.Ecotone.PLJA.2","transitions","Ecotone","PLJA",2,"E.Plja","Ecotone.2"
"55","fungi.Ecotone.PLJA.3","Pathotroph",83.3741735745421,"Ecotone_PLJA_3",59,58.8,22,19.2,8.4,0,197,0.8,1.2,"E","Plja",3,2.14,113.4,31.5,1666.28,"161.18","8525.79",33.64,1779.59,"fungi.Ecotone.PLJA.3","transitions","Ecotone","PLJA",3,"E.Plja","Ecotone.3"
"56","fungi.Ecotone.PLJA.3","Saprotroph",188.87873556097,"Ecotone_PLJA_3",59,58.8,22,19.2,8.4,0,197,0.8,1.2,"E","Plja",3,2.14,113.4,31.5,1666.28,"161.18","8525.79",33.64,1779.59,"fungi.Ecotone.PLJA.3","transitions","Ecotone","PLJA",3,"E.Plja","Ecotone.3"
"57","fungi.Ecotone.PLJA.3","Symbiotroph",366.575690480872,"Ecotone_PLJA_3",59,58.8,22,19.2,8.4,0,197,0.8,1.2,"E","Plja",3,2.14,113.4,31.5,1666.28,"161.18","8525.79",33.64,1779.59,"fungi.Ecotone.PLJA.3","transitions","Ecotone","PLJA",3,"E.Plja","Ecotone.3"
"58","fungi.Ecotone.PLJA.4","Pathotroph",158.979719501516,"Ecotone_PLJA_4",60,58.8,22,19.2,8.5,4,186,0.9,1.2,"E","Plja",4,4.12,263.92,134.67,8625.86,"213.43","13670.82",28.26,1810.26,"fungi.Ecotone.PLJA.4","transitions","Ecotone","PLJA",4,"E.Plja","Ecotone.4"
"59","fungi.Ecotone.PLJA.4","Saprotroph",328.742730722766,"Ecotone_PLJA_4",60,58.8,22,19.2,8.5,4,186,0.9,1.2,"E","Plja",4,4.12,263.92,134.67,8625.86,"213.43","13670.82",28.26,1810.26,"fungi.Ecotone.PLJA.4","transitions","Ecotone","PLJA",4,"E.Plja","Ecotone.4"
"60","fungi.Ecotone.PLJA.4","Symbiotroph",361.142468439718,"Ecotone_PLJA_4",60,58.8,22,19.2,8.5,4,186,0.9,1.2,"E","Plja",4,4.12,263.92,134.67,8625.86,"213.43","13670.82",28.26,1810.26,"fungi.Ecotone.PLJA.4","transitions","Ecotone","PLJA",4,"E.Plja","Ecotone.4"
"61","fungi.Ecotone.PLJA.5","Pathotroph",85.2378244316344,"Ecotone_PLJA_5",61,66.8,14,19.2,8.4,0,185,0.7,1.2,"E","Plja",5,8.49,504.08,71.1,4220.09,"131.62","7812.46",92.21,5472.87,"fungi.Ecotone.PLJA.5","transitions","Ecotone","PLJA",5,"E.Plja","Ecotone.5"
"62","fungi.Ecotone.PLJA.5","Saprotroph",203.08150289164,"Ecotone_PLJA_5",61,66.8,14,19.2,8.4,0,185,0.7,1.2,"E","Plja",5,8.49,504.08,71.1,4220.09,"131.62","7812.46",92.21,5472.87,"fungi.Ecotone.PLJA.5","transitions","Ecotone","PLJA",5,"E.Plja","Ecotone.5"
"63","fungi.Ecotone.PLJA.5","Symbiotroph",285.81855797735,"Ecotone_PLJA_5",61,66.8,14,19.2,8.4,0,185,0.7,1.2,"E","Plja",5,8.49,504.08,71.1,4220.09,"131.62","7812.46",92.21,5472.87,"fungi.Ecotone.PLJA.5","transitions","Ecotone","PLJA",5,"E.Plja","Ecotone.5"
"64","fungi.Ecotone.PLJA.6","Pathotroph",131.136099227149,"Ecotone_PLJA_6",62,59.2,20,20.8,8.5,0,177,0.9,1.1,"E","Plja",6,4.44,245.52,41.94,2320.53,"169.06","9353.45",44.49,2461.71,"fungi.Ecotone.PLJA.6","transitions","Ecotone","PLJA",6,"E.Plja","Ecotone.6"
"65","fungi.Ecotone.PLJA.6","Saprotroph",249.236398261459,"Ecotone_PLJA_6",62,59.2,20,20.8,8.5,0,177,0.9,1.1,"E","Plja",6,4.44,245.52,41.94,2320.53,"169.06","9353.45",44.49,2461.71,"fungi.Ecotone.PLJA.6","transitions","Ecotone","PLJA",6,"E.Plja","Ecotone.6"
"66","fungi.Ecotone.PLJA.6","Symbiotroph",172.876541100873,"Ecotone_PLJA_6",62,59.2,20,20.8,8.5,0,177,0.9,1.1,"E","Plja",6,4.44,245.52,41.94,2320.53,"169.06","9353.45",44.49,2461.71,"fungi.Ecotone.PLJA.6","transitions","Ecotone","PLJA",6,"E.Plja","Ecotone.6"
"67","fungi.Ecotone.PLJA.7","Pathotroph",145.608259870798,"Ecotone_PLJA_7",63,69.2,16,14.8,8.5,5,149,0.7,1.7,"E","Plja",7,4.28,360.6,46.85,3945.92,"74.08","6239.17",69.73,5872.96,"fungi.Ecotone.PLJA.7","transitions","Ecotone","PLJA",7,"E.Plja","Ecotone.7"
"68","fungi.Ecotone.PLJA.7","Saprotroph",337.030861936142,"Ecotone_PLJA_7",63,69.2,16,14.8,8.5,5,149,0.7,1.7,"E","Plja",7,4.28,360.6,46.85,3945.92,"74.08","6239.17",69.73,5872.96,"fungi.Ecotone.PLJA.7","transitions","Ecotone","PLJA",7,"E.Plja","Ecotone.7"
"69","fungi.Ecotone.PLJA.7","Symbiotroph",210.019321776923,"Ecotone_PLJA_7",63,69.2,16,14.8,8.5,5,149,0.7,1.7,"E","Plja",7,4.28,360.6,46.85,3945.92,"74.08","6239.17",69.73,5872.96,"fungi.Ecotone.PLJA.7","transitions","Ecotone","PLJA",7,"E.Plja","Ecotone.7"
"70","fungi.Ecotone.PLJA.8","Pathotroph",102.499466267539,"Ecotone_PLJA_8",64,61.2,18,20.8,8.4,0,182,0.7,1.9,"E","Plja",8,2.26,125.24,25.31,1404.01,"159.02","8822.31",15.9,882.25,"fungi.Ecotone.PLJA.8","transitions","Ecotone","PLJA",8,"E.Plja","Ecotone.8"
"71","fungi.Ecotone.PLJA.8","Saprotroph",240.997894192724,"Ecotone_PLJA_8",64,61.2,18,20.8,8.4,0,182,0.7,1.9,"E","Plja",8,2.26,125.24,25.31,1404.01,"159.02","8822.31",15.9,882.25,"fungi.Ecotone.PLJA.8","transitions","Ecotone","PLJA",8,"E.Plja","Ecotone.8"
"72","fungi.Ecotone.PLJA.8","Symbiotroph",200.524510478699,"Ecotone_PLJA_8",64,61.2,18,20.8,8.4,0,182,0.7,1.9,"E","Plja",8,2.26,125.24,25.31,1404.01,"159.02","8822.31",15.9,882.25,"fungi.Ecotone.PLJA.8","transitions","Ecotone","PLJA",8,"E.Plja","Ecotone.8"
"73","fungi.Grass.BOER.1","Pathotroph",78.7239266234351,"Grass_BOER_1",41,48,26,26,8.5,19,255,1.2,1,"G","Boer",1,2.74,109.36,49,1952.49,"280.79","11187.96",24.67,983.01,"fungi.Grass.BOER.1","transitions","Grass","BOER",1,"G.Boer","Grass.1"
"74","fungi.Grass.BOER.1","Saprotroph",171.777904115023,"Grass_BOER_1",41,48,26,26,8.5,19,255,1.2,1,"G","Boer",1,2.74,109.36,49,1952.49,"280.79","11187.96",24.67,983.01,"fungi.Grass.BOER.1","transitions","Grass","BOER",1,"G.Boer","Grass.1"
"75","fungi.Grass.BOER.1","Symbiotroph",169.153651317579,"Grass_BOER_1",41,48,26,26,8.5,19,255,1.2,1,"G","Boer",1,2.74,109.36,49,1952.49,"280.79","11187.96",24.67,983.01,"fungi.Grass.BOER.1","transitions","Grass","BOER",1,"G.Boer","Grass.1"
"76","fungi.Grass.BOER.2","Pathotroph",112.542455492982,"Grass_BOER_2",42,50,30,20,8.4,25,251,1.1,2.7,"G","Boer",2,7.06,298.56,59.01,2496.09,"194.39","8222.43",59.96,2536.29,"fungi.Grass.BOER.2","transitions","Grass","BOER",2,"G.Boer","Grass.2"
"77","fungi.Grass.BOER.2","Saprotroph",293.031157116528,"Grass_BOER_2",42,50,30,20,8.4,25,251,1.1,2.7,"G","Boer",2,7.06,298.56,59.01,2496.09,"194.39","8222.43",59.96,2536.29,"fungi.Grass.BOER.2","transitions","Grass","BOER",2,"G.Boer","Grass.2"
"78","fungi.Grass.BOER.2","Symbiotroph",201.135222786648,"Grass_BOER_2",42,50,30,20,8.4,25,251,1.1,2.7,"G","Boer",2,7.06,298.56,59.01,2496.09,"194.39","8222.43",59.96,2536.29,"fungi.Grass.BOER.2","transitions","Grass","BOER",2,"G.Boer","Grass.2"
"79","fungi.Grass.BOER.3","Pathotroph",120.930317380858,"Grass_BOER_3",43,54,24,22,8.4,26,285,1.5,1.6,"G","Boer",3,12.84,391.01,103.5,3151.92,"239.59","7296.37",112.67,3431.09,"fungi.Grass.BOER.3","transitions","Grass","BOER",3,"G.Boer","Grass.3"
"80","fungi.Grass.BOER.3","Saprotroph",317.564918851095,"Grass_BOER_3",43,54,24,22,8.4,26,285,1.5,1.6,"G","Boer",3,12.84,391.01,103.5,3151.92,"239.59","7296.37",112.67,3431.09,"fungi.Grass.BOER.3","transitions","Grass","BOER",3,"G.Boer","Grass.3"
"81","fungi.Grass.BOER.3","Symbiotroph",269.405554470892,"Grass_BOER_3",43,54,24,22,8.4,26,285,1.5,1.6,"G","Boer",3,12.84,391.01,103.5,3151.92,"239.59","7296.37",112.67,3431.09,"fungi.Grass.BOER.3","transitions","Grass","BOER",3,"G.Boer","Grass.3"
"82","fungi.Grass.BOER.4","Pathotroph",68.1540980592575,"Grass_BOER_4",44,54,20,26,8.4,23,265,1.4,1.5,"G","Boer",4,6.12,221.62,80.07,2899.79,"317.2","11487.83",53.44,1935.21,"fungi.Grass.BOER.4","transitions","Grass","BOER",4,"G.Boer","Grass.4"
"83","fungi.Grass.BOER.4","Saprotroph",142.82323395209,"Grass_BOER_4",44,54,20,26,8.4,23,265,1.4,1.5,"G","Boer",4,6.12,221.62,80.07,2899.79,"317.2","11487.83",53.44,1935.21,"fungi.Grass.BOER.4","transitions","Grass","BOER",4,"G.Boer","Grass.4"
"84","fungi.Grass.BOER.4","Symbiotroph",212.984301867174,"Grass_BOER_4",44,54,20,26,8.4,23,265,1.4,1.5,"G","Boer",4,6.12,221.62,80.07,2899.79,"317.2","11487.83",53.44,1935.21,"fungi.Grass.BOER.4","transitions","Grass","BOER",4,"G.Boer","Grass.4"
"85","fungi.Grass.BOER.5","Pathotroph",105.819036086829,"Grass_BOER_5",45,52,26,22,8.4,31,300,1.1,3.8,"G","Boer",5,4.38,181.11,105.02,4339.92,"236.47","9772.24",32.99,1363.26,"fungi.Grass.BOER.5","transitions","Grass","BOER",5,"G.Boer","Grass.5"
"86","fungi.Grass.BOER.5","Saprotroph",195.133114311783,"Grass_BOER_5",45,52,26,22,8.4,31,300,1.1,3.8,"G","Boer",5,4.38,181.11,105.02,4339.92,"236.47","9772.24",32.99,1363.26,"fungi.Grass.BOER.5","transitions","Grass","BOER",5,"G.Boer","Grass.5"
"87","fungi.Grass.BOER.5","Symbiotroph",145.090666784003,"Grass_BOER_5",45,52,26,22,8.4,31,300,1.1,3.8,"G","Boer",5,4.38,181.11,105.02,4339.92,"236.47","9772.24",32.99,1363.26,"fungi.Grass.BOER.5","transitions","Grass","BOER",5,"G.Boer","Grass.5"
"88","fungi.Grass.BOER.6","Pathotroph",77.3167180410856,"Grass_BOER_6",46,61,18.33333333,20.66666667,8.4,28,291,1.2,3.5,"G","Boer",6,8.87,322.83,50.38,1833.43,"152.6","5553.43",55.73,2028.12,"fungi.Grass.BOER.6","transitions","Grass","BOER",6,"G.Boer","Grass.6"
"89","fungi.Grass.BOER.6","Saprotroph",252.267516149284,"Grass_BOER_6",46,61,18.33333333,20.66666667,8.4,28,291,1.2,3.5,"G","Boer",6,8.87,322.83,50.38,1833.43,"152.6","5553.43",55.73,2028.12,"fungi.Grass.BOER.6","transitions","Grass","BOER",6,"G.Boer","Grass.6"
"90","fungi.Grass.BOER.6","Symbiotroph",174.884862330237,"Grass_BOER_6",46,61,18.33333333,20.66666667,8.4,28,291,1.2,3.5,"G","Boer",6,8.87,322.83,50.38,1833.43,"152.6","5553.43",55.73,2028.12,"fungi.Grass.BOER.6","transitions","Grass","BOER",6,"G.Boer","Grass.6"
"91","fungi.Grass.BOER.7","Pathotroph",161.3346659432,"Grass_BOER_7",47,66,16.66666667,17.33333333,8.4,25,232,1,1.1,"G","Boer",7,11.2,554.6,49.11,2431.69,"126.96","6286.86",72.02,3566.38,"fungi.Grass.BOER.7","transitions","Grass","BOER",7,"G.Boer","Grass.7"
"92","fungi.Grass.BOER.7","Saprotroph",391.486774401278,"Grass_BOER_7",47,66,16.66666667,17.33333333,8.4,25,232,1,1.1,"G","Boer",7,11.2,554.6,49.11,2431.69,"126.96","6286.86",72.02,3566.38,"fungi.Grass.BOER.7","transitions","Grass","BOER",7,"G.Boer","Grass.7"
"93","fungi.Grass.BOER.7","Symbiotroph",304.900134809002,"Grass_BOER_7",47,66,16.66666667,17.33333333,8.4,25,232,1,1.1,"G","Boer",7,11.2,554.6,49.11,2431.69,"126.96","6286.86",72.02,3566.38,"fungi.Grass.BOER.7","transitions","Grass","BOER",7,"G.Boer","Grass.7"
"94","fungi.Grass.BOER.8","Pathotroph",118.875134709844,"Grass_BOER_8",48,64.33333333,16.66666667,19,8.4,15,241,1.1,3.7,"G","Boer",8,6.79,248.36,44.42,1623.7,"170.38","6228.13",39.47,1442.69,"fungi.Grass.BOER.8","transitions","Grass","BOER",8,"G.Boer","Grass.8"
"95","fungi.Grass.BOER.8","Saprotroph",264.876339508851,"Grass_BOER_8",48,64.33333333,16.66666667,19,8.4,15,241,1.1,3.7,"G","Boer",8,6.79,248.36,44.42,1623.7,"170.38","6228.13",39.47,1442.69,"fungi.Grass.BOER.8","transitions","Grass","BOER",8,"G.Boer","Grass.8"
"96","fungi.Grass.BOER.8","Symbiotroph",212.329252609061,"Grass_BOER_8",48,64.33333333,16.66666667,19,8.4,15,241,1.1,3.7,"G","Boer",8,6.79,248.36,44.42,1623.7,"170.38","6228.13",39.47,1442.69,"fungi.Grass.BOER.8","transitions","Grass","BOER",8,"G.Boer","Grass.8"
"97","fungi.Grass.BOGR.1","Pathotroph",87.7813505322669,"Grass_BOGR_1",49,64.33333333,18.33333333,17.33333333,8.5,17,217,1.2,1.5,"G","Bogr",1,5.67,204.96,138.13,4997.25,"228.03","8249.39",39.61,1433.01,"fungi.Grass.BOGR.1","transitions","Grass","BOGR",1,"G.Bogr","Grass.1"
"98","fungi.Grass.BOGR.1","Saprotroph",268.925113112533,"Grass_BOGR_1",49,64.33333333,18.33333333,17.33333333,8.5,17,217,1.2,1.5,"G","Bogr",1,5.67,204.96,138.13,4997.25,"228.03","8249.39",39.61,1433.01,"fungi.Grass.BOGR.1","transitions","Grass","BOGR",1,"G.Bogr","Grass.1"
"99","fungi.Grass.BOGR.1","Symbiotroph",270.828611987167,"Grass_BOGR_1",49,64.33333333,18.33333333,17.33333333,8.5,17,217,1.2,1.5,"G","Bogr",1,5.67,204.96,138.13,4997.25,"228.03","8249.39",39.61,1433.01,"fungi.Grass.BOGR.1","transitions","Grass","BOGR",1,"G.Bogr","Grass.1"
"100","fungi.Grass.BOGR.2","Pathotroph",49.0422672843691,"Grass_BOGR_2",50,59.33333333,21.66666667,19,8.5,23,313,1,1.1,"G","Bogr",2,4.72,209.83,54.48,2421.56,"313.66","13942.78",35.47,1576.94,"fungi.Grass.BOGR.2","transitions","Grass","BOGR",2,"G.Bogr","Grass.2"
"101","fungi.Grass.BOGR.2","Saprotroph",180.36954188966,"Grass_BOGR_2",50,59.33333333,21.66666667,19,8.5,23,313,1,1.1,"G","Bogr",2,4.72,209.83,54.48,2421.56,"313.66","13942.78",35.47,1576.94,"fungi.Grass.BOGR.2","transitions","Grass","BOGR",2,"G.Bogr","Grass.2"
"102","fungi.Grass.BOGR.2","Symbiotroph",213.968454278501,"Grass_BOGR_2",50,59.33333333,21.66666667,19,8.5,23,313,1,1.1,"G","Bogr",2,4.72,209.83,54.48,2421.56,"313.66","13942.78",35.47,1576.94,"fungi.Grass.BOGR.2","transitions","Grass","BOGR",2,"G.Bogr","Grass.2"
"103","fungi.Grass.BOGR.3","Pathotroph",115.882552872343,"Grass_BOGR_3",51,45.2,28,26.8,8.5,28,320,1.5,3.2,"G","Bogr",3,6.17,213.31,77.99,2694.48,"291.55","10073.35",58.93,2035.9,"fungi.Grass.BOGR.3","transitions","Grass","BOGR",3,"G.Bogr","Grass.3"
"104","fungi.Grass.BOGR.3","Saprotroph",215.219940145168,"Grass_BOGR_3",51,45.2,28,26.8,8.5,28,320,1.5,3.2,"G","Bogr",3,6.17,213.31,77.99,2694.48,"291.55","10073.35",58.93,2035.9,"fungi.Grass.BOGR.3","transitions","Grass","BOGR",3,"G.Bogr","Grass.3"
"105","fungi.Grass.BOGR.3","Symbiotroph",181.236515596358,"Grass_BOGR_3",51,45.2,28,26.8,8.5,28,320,1.5,3.2,"G","Bogr",3,6.17,213.31,77.99,2694.48,"291.55","10073.35",58.93,2035.9,"fungi.Grass.BOGR.3","transitions","Grass","BOGR",3,"G.Bogr","Grass.3"
"106","fungi.Grass.BOGR.4","Pathotroph",88.5197983104254,"Grass_BOGR_4",52,55.2,24,20.8,8.5,23,286,1,1.3,"G","Bogr",4,3.17,146.6,111.65,5159.54,"224.08","10355.69",22.1,1021.49,"fungi.Grass.BOGR.4","transitions","Grass","BOGR",4,"G.Bogr","Grass.4"
"107","fungi.Grass.BOGR.4","Saprotroph",216.593223008844,"Grass_BOGR_4",52,55.2,24,20.8,8.5,23,286,1,1.3,"G","Bogr",4,3.17,146.6,111.65,5159.54,"224.08","10355.69",22.1,1021.49,"fungi.Grass.BOGR.4","transitions","Grass","BOGR",4,"G.Bogr","Grass.4"
"108","fungi.Grass.BOGR.4","Symbiotroph",322.035970745576,"Grass_BOGR_4",52,55.2,24,20.8,8.5,23,286,1,1.3,"G","Bogr",4,3.17,146.6,111.65,5159.54,"224.08","10355.69",22.1,1021.49,"fungi.Grass.BOGR.4","transitions","Grass","BOGR",4,"G.Bogr","Grass.4"
"109","fungi.Grass.BOGR.5","Pathotroph",75.5846750892497,"Grass_BOGR_5",53,49.2,28,22.8,8.5,24,348,1.5,2.6,"G","Bogr",5,4.96,179.42,56.61,2049.56,"163.37","5914.16",42.47,1537.49,"fungi.Grass.BOGR.5","transitions","Grass","BOGR",5,"G.Bogr","Grass.5"
"110","fungi.Grass.BOGR.5","Saprotroph",194.683189967319,"Grass_BOGR_5",53,49.2,28,22.8,8.5,24,348,1.5,2.6,"G","Bogr",5,4.96,179.42,56.61,2049.56,"163.37","5914.16",42.47,1537.49,"fungi.Grass.BOGR.5","transitions","Grass","BOGR",5,"G.Bogr","Grass.5"
"111","fungi.Grass.BOGR.5","Symbiotroph",184.97832108431,"Grass_BOGR_5",53,49.2,28,22.8,8.5,24,348,1.5,2.6,"G","Bogr",5,4.96,179.42,56.61,2049.56,"163.37","5914.16",42.47,1537.49,"fungi.Grass.BOGR.5","transitions","Grass","BOGR",5,"G.Bogr","Grass.5"
"112","fungi.Grass.BOGR.6","Pathotroph",144.873850172651,"Grass_BOGR_6",NA,NA,NA,NA,8.5,27,319,1.1,2.4,"G","Bogr",6,15.53,714.13,73.56,3382.63,"116","5334.56",77.6,3568.42,"fungi.Grass.BOGR.6","transitions","Grass","BOGR",6,"G.Bogr","Grass.6"
"113","fungi.Grass.BOGR.6","Saprotroph",414.323918443693,"Grass_BOGR_6",NA,NA,NA,NA,8.5,27,319,1.1,2.4,"G","Bogr",6,15.53,714.13,73.56,3382.63,"116","5334.56",77.6,3568.42,"fungi.Grass.BOGR.6","transitions","Grass","BOGR",6,"G.Bogr","Grass.6"
"114","fungi.Grass.BOGR.6","Symbiotroph",184.072741167428,"Grass_BOGR_6",NA,NA,NA,NA,8.5,27,319,1.1,2.4,"G","Bogr",6,15.53,714.13,73.56,3382.63,"116","5334.56",77.6,3568.42,"fungi.Grass.BOGR.6","transitions","Grass","BOGR",6,"G.Bogr","Grass.6"
"115","fungi.Grass.BOGR.7","Pathotroph",74.6607145450173,"Grass_BOGR_7",55,57.2,20,22.8,8.6,23,272,1,0.8,"G","Bogr",7,6.98,309.45,37.44,1661.18,"177.57","7877.88",28.83,1279.2,"fungi.Grass.BOGR.7","transitions","Grass","BOGR",7,"G.Bogr","Grass.7"
"116","fungi.Grass.BOGR.7","Saprotroph",213.87005663855,"Grass_BOGR_7",55,57.2,20,22.8,8.6,23,272,1,0.8,"G","Bogr",7,6.98,309.45,37.44,1661.18,"177.57","7877.88",28.83,1279.2,"fungi.Grass.BOGR.7","transitions","Grass","BOGR",7,"G.Bogr","Grass.7"
"117","fungi.Grass.BOGR.7","Symbiotroph",242.396459431157,"Grass_BOGR_7",55,57.2,20,22.8,8.6,23,272,1,0.8,"G","Bogr",7,6.98,309.45,37.44,1661.18,"177.57","7877.88",28.83,1279.2,"fungi.Grass.BOGR.7","transitions","Grass","BOGR",7,"G.Bogr","Grass.7"
"118","fungi.Grass.BOGR.8","Pathotroph",93.2447163899242,"Grass_BOGR_8",56,57.2,20,22.8,8.6,20,318,1.2,1.5,"G","Bogr",8,10.63,442.65,51.58,2148.64,"191.21","7964.97",48.79,2032.2,"fungi.Grass.BOGR.8","transitions","Grass","BOGR",8,"G.Bogr","Grass.8"
"119","fungi.Grass.BOGR.8","Saprotroph",223.869198970034,"Grass_BOGR_8",56,57.2,20,22.8,8.6,20,318,1.2,1.5,"G","Bogr",8,10.63,442.65,51.58,2148.64,"191.21","7964.97",48.79,2032.2,"fungi.Grass.BOGR.8","transitions","Grass","BOGR",8,"G.Bogr","Grass.8"
"120","fungi.Grass.BOGR.8","Symbiotroph",331.380208508436,"Grass_BOGR_8",56,57.2,20,22.8,8.6,20,318,1.2,1.5,"G","Bogr",8,10.63,442.65,51.58,2148.64,"191.21","7964.97",48.79,2032.2,"fungi.Grass.BOGR.8","transitions","Grass","BOGR",8,"G.Bogr","Grass.8"
"121","fungi.Grass.PLJA.1","Pathotroph",136.459805387767,"Grass_PLJA_1",33,51.2,18,30.8,8.5,20,303,1.1,1.2,"G","Plja",1,4.51,181.17,129.67,5212.29,"342.91","13783.46",31.6,1270.01,"fungi.Grass.PLJA.1","transitions","Grass","PLJA",1,"G.Plja","Grass.1"
"122","fungi.Grass.PLJA.1","Saprotroph",223.546193434543,"Grass_PLJA_1",33,51.2,18,30.8,8.5,20,303,1.1,1.2,"G","Plja",1,4.51,181.17,129.67,5212.29,"342.91","13783.46",31.6,1270.01,"fungi.Grass.PLJA.1","transitions","Grass","PLJA",1,"G.Plja","Grass.1"
"123","fungi.Grass.PLJA.1","Symbiotroph",142.436512308223,"Grass_PLJA_1",33,51.2,18,30.8,8.5,20,303,1.1,1.2,"G","Plja",1,4.51,181.17,129.67,5212.29,"342.91","13783.46",31.6,1270.01,"fungi.Grass.PLJA.1","transitions","Grass","PLJA",1,"G.Plja","Grass.1"
"124","fungi.Grass.PLJA.2","Pathotroph",326.889980577458,"Grass_PLJA_2",34,43.2,28,28.8,8.4,26,377,1.3,1.8,"G","Plja",2,6.17,222,57.19,2056.37,"313.62","11276.9",52.2,1876.81,"fungi.Grass.PLJA.2","transitions","Grass","PLJA",2,"G.Plja","Grass.2"
"125","fungi.Grass.PLJA.2","Saprotroph",942.644459121161,"Grass_PLJA_2",34,43.2,28,28.8,8.4,26,377,1.3,1.8,"G","Plja",2,6.17,222,57.19,2056.37,"313.62","11276.9",52.2,1876.81,"fungi.Grass.PLJA.2","transitions","Grass","PLJA",2,"G.Plja","Grass.2"
"126","fungi.Grass.PLJA.2","Symbiotroph",556.99657495541,"Grass_PLJA_2",34,43.2,28,28.8,8.4,26,377,1.3,1.8,"G","Plja",2,6.17,222,57.19,2056.37,"313.62","11276.9",52.2,1876.81,"fungi.Grass.PLJA.2","transitions","Grass","PLJA",2,"G.Plja","Grass.2"
"127","fungi.Grass.PLJA.3","Pathotroph",85.0044675027078,"Grass_PLJA_3",35,57.2,22,20.8,8.3,37,264,1.2,7.4,"G","Plja",3,2.95,125.09,107,4530.04,"211.95","8973.37",22.3,944.33,"fungi.Grass.PLJA.3","transitions","Grass","PLJA",3,"G.Plja","Grass.3"
"128","fungi.Grass.PLJA.3","Saprotroph",263.267876457123,"Grass_PLJA_3",35,57.2,22,20.8,8.3,37,264,1.2,7.4,"G","Plja",3,2.95,125.09,107,4530.04,"211.95","8973.37",22.3,944.33,"fungi.Grass.PLJA.3","transitions","Grass","PLJA",3,"G.Plja","Grass.3"
"129","fungi.Grass.PLJA.3","Symbiotroph",267.729969018115,"Grass_PLJA_3",35,57.2,22,20.8,8.3,37,264,1.2,7.4,"G","Plja",3,2.95,125.09,107,4530.04,"211.95","8973.37",22.3,944.33,"fungi.Grass.PLJA.3","transitions","Grass","PLJA",3,"G.Plja","Grass.3"
"130","fungi.Grass.PLJA.4","Pathotroph",68.5267507958273,"Grass_PLJA_4",36,53.2,20,26.8,8.5,27,227,1,2.4,"G","Plja",4,4.07,175.85,47.94,2069.07,"200.39","8648.55",43.81,1890.73,"fungi.Grass.PLJA.4","transitions","Grass","PLJA",4,"G.Plja","Grass.4"
"131","fungi.Grass.PLJA.4","Saprotroph",157.659238131619,"Grass_PLJA_4",36,53.2,20,26.8,8.5,27,227,1,2.4,"G","Plja",4,4.07,175.85,47.94,2069.07,"200.39","8648.55",43.81,1890.73,"fungi.Grass.PLJA.4","transitions","Grass","PLJA",4,"G.Plja","Grass.4"
"132","fungi.Grass.PLJA.4","Symbiotroph",152.846962848787,"Grass_PLJA_4",36,53.2,20,26.8,8.5,27,227,1,2.4,"G","Plja",4,4.07,175.85,47.94,2069.07,"200.39","8648.55",43.81,1890.73,"fungi.Grass.PLJA.4","transitions","Grass","PLJA",4,"G.Plja","Grass.4"
"133","fungi.Grass.PLJA.5","Pathotroph",166.821027997901,"Grass_PLJA_5",37,53.2,22,24.8,8.4,33,359,1.3,1.2,"G","Plja",5,7.99,297.61,62.17,2316.13,"188.17","7010.22",61.34,2285.43,"fungi.Grass.PLJA.5","transitions","Grass","PLJA",5,"G.Plja","Grass.5"
"134","fungi.Grass.PLJA.5","Saprotroph",360.117582094209,"Grass_PLJA_5",37,53.2,22,24.8,8.4,33,359,1.3,1.2,"G","Plja",5,7.99,297.61,62.17,2316.13,"188.17","7010.22",61.34,2285.43,"fungi.Grass.PLJA.5","transitions","Grass","PLJA",5,"G.Plja","Grass.5"
"135","fungi.Grass.PLJA.5","Symbiotroph",204.368403461799,"Grass_PLJA_5",37,53.2,22,24.8,8.4,33,359,1.3,1.2,"G","Plja",5,7.99,297.61,62.17,2316.13,"188.17","7010.22",61.34,2285.43,"fungi.Grass.PLJA.5","transitions","Grass","PLJA",5,"G.Plja","Grass.5"
"136","fungi.Grass.PLJA.6","Pathotroph",55.4451905134399,"Grass_PLJA_6",38,53.2,24,22.8,8.3,30,346,1.3,3.2,"G","Plja",6,7.64,247.12,53.08,1717.2,"96.03","3106.83",60.62,1961.17,"fungi.Grass.PLJA.6","transitions","Grass","PLJA",6,"G.Plja","Grass.6"
"137","fungi.Grass.PLJA.6","Saprotroph",207.23835165904,"Grass_PLJA_6",38,53.2,24,22.8,8.3,30,346,1.3,3.2,"G","Plja",6,7.64,247.12,53.08,1717.2,"96.03","3106.83",60.62,1961.17,"fungi.Grass.PLJA.6","transitions","Grass","PLJA",6,"G.Plja","Grass.6"
"138","fungi.Grass.PLJA.6","Symbiotroph",170.777789845473,"Grass_PLJA_6",38,53.2,24,22.8,8.3,30,346,1.3,3.2,"G","Plja",6,7.64,247.12,53.08,1717.2,"96.03","3106.83",60.62,1961.17,"fungi.Grass.PLJA.6","transitions","Grass","PLJA",6,"G.Plja","Grass.6"
"139","fungi.Grass.PLJA.7","Pathotroph",63.4178707879028,"Grass_PLJA_7",39,55.2,20,24.8,8.5,21,289,1,2.1,"G","Plja",7,8.14,489.45,35.83,2154.27,"88.2","5302.99",44.57,2679.47,"fungi.Grass.PLJA.7","transitions","Grass","PLJA",7,"G.Plja","Grass.7"
"140","fungi.Grass.PLJA.7","Saprotroph",258.795670675962,"Grass_PLJA_7",39,55.2,20,24.8,8.5,21,289,1,2.1,"G","Plja",7,8.14,489.45,35.83,2154.27,"88.2","5302.99",44.57,2679.47,"fungi.Grass.PLJA.7","transitions","Grass","PLJA",7,"G.Plja","Grass.7"
"141","fungi.Grass.PLJA.7","Symbiotroph",289.550200924253,"Grass_PLJA_7",39,55.2,20,24.8,8.5,21,289,1,2.1,"G","Plja",7,8.14,489.45,35.83,2154.27,"88.2","5302.99",44.57,2679.47,"fungi.Grass.PLJA.7","transitions","Grass","PLJA",7,"G.Plja","Grass.7"
"142","fungi.Grass.PLJA.8","Pathotroph",50.2238100449703,"Grass_PLJA_8",40,55.2,22,22.8,8.4,22,339,1.3,1.3,"G","Plja",8,4.23,166.53,39.08,1538.19,".",".",29.95,1178.68,"fungi.Grass.PLJA.8","transitions","Grass","PLJA",8,"G.Plja","Grass.8"
"143","fungi.Grass.PLJA.8","Saprotroph",204.709064215977,"Grass_PLJA_8",40,55.2,22,22.8,8.4,22,339,1.3,1.3,"G","Plja",8,4.23,166.53,39.08,1538.19,".",".",29.95,1178.68,"fungi.Grass.PLJA.8","transitions","Grass","PLJA",8,"G.Plja","Grass.8"
"144","fungi.Grass.PLJA.8","Symbiotroph",244.215751521362,"Grass_PLJA_8",40,55.2,22,22.8,8.4,22,339,1.3,1.3,"G","Plja",8,4.23,166.53,39.08,1538.19,".",".",29.95,1178.68,"fungi.Grass.PLJA.8","transitions","Grass","PLJA",8,"G.Plja","Grass.8"
"145","fungi.Shrub.LATR.1","Pathotroph",121.506942301205,"Shrub_LATR_1",81,59.6,22,18.4,8.5,0,211,1,1.7,"S","Latr",1,13.85,559.11,160.74,6489.03,"190.65","7696.34",73.28,2958.12,"fungi.Shrub.LATR.1","transitions","Shrub","LATR",1,"S.Latr","Shrub.1"
"146","fungi.Shrub.LATR.1","Saprotroph",307.019725793967,"Shrub_LATR_1",81,59.6,22,18.4,8.5,0,211,1,1.7,"S","Latr",1,13.85,559.11,160.74,6489.03,"190.65","7696.34",73.28,2958.12,"fungi.Shrub.LATR.1","transitions","Shrub","LATR",1,"S.Latr","Shrub.1"
"147","fungi.Shrub.LATR.1","Symbiotroph",229.049969352956,"Shrub_LATR_1",81,59.6,22,18.4,8.5,0,211,1,1.7,"S","Latr",1,13.85,559.11,160.74,6489.03,"190.65","7696.34",73.28,2958.12,"fungi.Shrub.LATR.1","transitions","Shrub","LATR",1,"S.Latr","Shrub.1"
"148","fungi.Shrub.LATR.2","Pathotroph",129.718655945,"Shrub_LATR_2",82,55.6,22,22.4,8.5,0,196,0.9,1.2,"S","Latr",2,3.48,158.05,34.77,1579.55,"265.78","12072.4",30.56,1388.09,"fungi.Shrub.LATR.2","transitions","Shrub","LATR",2,"S.Latr","Shrub.2"
"149","fungi.Shrub.LATR.2","Saprotroph",405.47159479374,"Shrub_LATR_2",82,55.6,22,22.4,8.5,0,196,0.9,1.2,"S","Latr",2,3.48,158.05,34.77,1579.55,"265.78","12072.4",30.56,1388.09,"fungi.Shrub.LATR.2","transitions","Shrub","LATR",2,"S.Latr","Shrub.2"
"150","fungi.Shrub.LATR.2","Symbiotroph",156.593531961304,"Shrub_LATR_2",82,55.6,22,22.4,8.5,0,196,0.9,1.2,"S","Latr",2,3.48,158.05,34.77,1579.55,"265.78","12072.4",30.56,1388.09,"fungi.Shrub.LATR.2","transitions","Shrub","LATR",2,"S.Latr","Shrub.2"
"151","fungi.Shrub.LATR.3","Pathotroph",192.403097402641,"Shrub_LATR_3",83,47.6,30,22.4,8.3,0,184,1.4,3.4,"S","Latr",3,4.24,111.96,150.04,3958.15,"259.66","6849.97",39.95,1053.79,"fungi.Shrub.LATR.3","transitions","Shrub","LATR",3,"S.Latr","Shrub.3"
"152","fungi.Shrub.LATR.3","Saprotroph",372.022057703757,"Shrub_LATR_3",83,47.6,30,22.4,8.3,0,184,1.4,3.4,"S","Latr",3,4.24,111.96,150.04,3958.15,"259.66","6849.97",39.95,1053.79,"fungi.Shrub.LATR.3","transitions","Shrub","LATR",3,"S.Latr","Shrub.3"
"153","fungi.Shrub.LATR.3","Symbiotroph",145.763109650982,"Shrub_LATR_3",83,47.6,30,22.4,8.3,0,184,1.4,3.4,"S","Latr",3,4.24,111.96,150.04,3958.15,"259.66","6849.97",39.95,1053.79,"fungi.Shrub.LATR.3","transitions","Shrub","LATR",3,"S.Latr","Shrub.3"
"154","fungi.Shrub.LATR.4","Pathotroph",109.185663384348,"Shrub_LATR_4",84,49.6,28,22.4,8.5,0,234,1.1,2.2,"S","Latr",4,2.3,122.96,103.79,5560.73,"219.55","11762.82",30.34,1625.34,"fungi.Shrub.LATR.4","transitions","Shrub","LATR",4,"S.Latr","Shrub.4"
"155","fungi.Shrub.LATR.4","Saprotroph",294.365196903944,"Shrub_LATR_4",84,49.6,28,22.4,8.5,0,234,1.1,2.2,"S","Latr",4,2.3,122.96,103.79,5560.73,"219.55","11762.82",30.34,1625.34,"fungi.Shrub.LATR.4","transitions","Shrub","LATR",4,"S.Latr","Shrub.4"
"156","fungi.Shrub.LATR.4","Symbiotroph",128.071390532252,"Shrub_LATR_4",84,49.6,28,22.4,8.5,0,234,1.1,2.2,"S","Latr",4,2.3,122.96,103.79,5560.73,"219.55","11762.82",30.34,1625.34,"fungi.Shrub.LATR.4","transitions","Shrub","LATR",4,"S.Latr","Shrub.4"
"157","fungi.Shrub.LATR.5","Pathotroph",124.015961023623,"Shrub_LATR_5",85,57.6,24,18.4,8.5,0,181,1,3,"S","Latr",5,2,105.78,38.81,2056.85,"170.92","9058.48",21.54,1141.81,"fungi.Shrub.LATR.5","transitions","Shrub","LATR",5,"S.Latr","Shrub.5"
"158","fungi.Shrub.LATR.5","Saprotroph",486.504997825191,"Shrub_LATR_5",85,57.6,24,18.4,8.5,0,181,1,3,"S","Latr",5,2,105.78,38.81,2056.85,"170.92","9058.48",21.54,1141.81,"fungi.Shrub.LATR.5","transitions","Shrub","LATR",5,"S.Latr","Shrub.5"
"159","fungi.Shrub.LATR.5","Symbiotroph",139.482048430297,"Shrub_LATR_5",85,57.6,24,18.4,8.5,0,181,1,3,"S","Latr",5,2,105.78,38.81,2056.85,"170.92","9058.48",21.54,1141.81,"fungi.Shrub.LATR.5","transitions","Shrub","LATR",5,"S.Latr","Shrub.5"
"160","fungi.Shrub.LATR.6","Pathotroph",191.181273270062,"Shrub_LATR_6",86,57.6,24,18.4,8.5,0,217,1,2.3,"S","Latr",6,2.77,148.53,34.44,1844.29,"137.94","7386.27",42.49,2275.21,"fungi.Shrub.LATR.6","transitions","Shrub","LATR",6,"S.Latr","Shrub.6"
"161","fungi.Shrub.LATR.6","Saprotroph",271.984759973271,"Shrub_LATR_6",86,57.6,24,18.4,8.5,0,217,1,2.3,"S","Latr",6,2.77,148.53,34.44,1844.29,"137.94","7386.27",42.49,2275.21,"fungi.Shrub.LATR.6","transitions","Shrub","LATR",6,"S.Latr","Shrub.6"
"162","fungi.Shrub.LATR.6","Symbiotroph",78.3972108371987,"Shrub_LATR_6",86,57.6,24,18.4,8.5,0,217,1,2.3,"S","Latr",6,2.77,148.53,34.44,1844.29,"137.94","7386.27",42.49,2275.21,"fungi.Shrub.LATR.6","transitions","Shrub","LATR",6,"S.Latr","Shrub.6"
"163","fungi.Shrub.LATR.7","Pathotroph",72.7935936857203,"Shrub_LATR_7",87,55.6,22,22.4,8.5,1,268,1.1,2.3,"S","Latr",7,7.68,328.82,84.02,3595.69,"276.26","11822.35",94.85,4059.2,"fungi.Shrub.LATR.7","transitions","Shrub","LATR",7,"S.Latr","Shrub.7"
"164","fungi.Shrub.LATR.7","Saprotroph",251.364425004429,"Shrub_LATR_7",87,55.6,22,22.4,8.5,1,268,1.1,2.3,"S","Latr",7,7.68,328.82,84.02,3595.69,"276.26","11822.35",94.85,4059.2,"fungi.Shrub.LATR.7","transitions","Shrub","LATR",7,"S.Latr","Shrub.7"
"165","fungi.Shrub.LATR.7","Symbiotroph",96.389172527692,"Shrub_LATR_7",87,55.6,22,22.4,8.5,1,268,1.1,2.3,"S","Latr",7,7.68,328.82,84.02,3595.69,"276.26","11822.35",94.85,4059.2,"fungi.Shrub.LATR.7","transitions","Shrub","LATR",7,"S.Latr","Shrub.7"
"166","fungi.Shrub.LATR.8","Pathotroph",317.576391523965,"Shrub_LATR_8",88,55.6,26,18.4,8.2,2,254,1.7,6.5,"S","Latr",8,11.32,418.66,84.24,3114.39,"251.21","9287.57",99.52,3679.26,"fungi.Shrub.LATR.8","transitions","Shrub","LATR",8,"S.Latr","Shrub.8"
"167","fungi.Shrub.LATR.8","Saprotroph",885.086495680241,"Shrub_LATR_8",88,55.6,26,18.4,8.2,2,254,1.7,6.5,"S","Latr",8,11.32,418.66,84.24,3114.39,"251.21","9287.57",99.52,3679.26,"fungi.Shrub.LATR.8","transitions","Shrub","LATR",8,"S.Latr","Shrub.8"
"168","fungi.Shrub.LATR.8","Symbiotroph",131.904428745408,"Shrub_LATR_8",88,55.6,26,18.4,8.2,2,254,1.7,6.5,"S","Latr",8,11.32,418.66,84.24,3114.39,"251.21","9287.57",99.52,3679.26,"fungi.Shrub.LATR.8","transitions","Shrub","LATR",8,"S.Latr","Shrub.8"
